<?xml version="1.0" encoding="UTF-8" standalone="yes"?>
<addon id="repository.sportrepo" name="Sport Multi Repo" version="5.0.5" provider-name="Angel">
	<extension point="xbmc.addon.repository" name="Sport Multi Repository">
	<dir>
		<info compressed="false">https://raw.githubusercontent.com/mullafabz/RT/master/Plugins/addons.xml</info>
		<checksum>https://raw.githubusercontent.com/mullafabz/RT/master/Plugins/addons.xml.md5</checksum>
		<datadir zip="true">https://raw.githubusercontent.com/mullafabz/RT/master/Plugins/</datadir>
	</dir>
	<dir>
		<info compressed="false">https://www.midian.appboxes.co/wolfyB/files/addons.xml</info>
		<checksum>https://www.midian.appboxes.co/wolfyB/files/addons.xml.md5</checksum>
		<datadir zip="true">https://www.midian.appboxes.co/wolfyB/files/</datadir>
	</dir>
	<dir>
		<info compressed="false">https://raw.githubusercontent.com/nemesis668/repository.streamarmy/master/addons.xml</info>
		<checksum>https://raw.githubusercontent.com/nemesis668/repository.streamarmy/master/addons.xml.md5</checksum>
		<datadir zip="true">https://raw.githubusercontent.com/nemesis668/repository.streamarmy/master/zips/</datadir>
	</dir>
	<dir>
		<info compressed="false">https://loopaddon.uk/zips/addons.xml</info>
		<checksum>https://loopaddon.uk/zips/addons.xml.md5</checksum>
		<datadir zip="true">https://loopaddon.uk/zips/</datadir>
	</dir>
	</extension>
	<extension point="xbmc.addon.metadata">
		<summary>Official Zatrix Project sport multi repo</summary>
		<description lang="en">Download and install addons from diffrent repos</description>
		<platform>all</platform>
	</extension>
</addon>