<favourites>
	<!--<favourite name="Sinterklaas" thumb="https://i.imgur.com/FTbiIl1.jpg">ActivateWindow(10025,&quot;plugin://plugin.program.super.favourites/?label=Sint&amp;mode=400&amp;path=special%3A%2F%2Fhome%2Faddons%2Fplugin.video.menu5%2Fmenu%5CSuper+Favourites%5Cmappen%5Csinterklaas&amp;&quot;,return)</favourite>-->
	<favourite name="Kindertube" thumb="special://skin/logos/kinder.png">ActivateWindow(10025,&quot;plugin://plugin.video.kindertube.nl/&quot;,return)</favourite>
	<favourite name="Klein naar Groot" thumb="special://skin/logos/kleingroot.png">ActivateWindow(10025,&quot;plugin://plugin.video.kidstime/&quot;)</favourite>
	<favourite name="Nickelodeon" thumb="special://skin/logos/nickelodeon.png">ActivateWindow(10025,&quot;plugin://net.rieter.xot/?action=listfolder&amp;channel=chn_nickelodeon&amp;channelcode=nickelodeon&quot;,return)</favourite>
    <favourite name="South Park" thumb="special://skin/logos/southpark.png">ActivateWindow(10025,&quot;plugin://plugin.video.southpark_unofficial/&quot;,return)</favourite>
    <favourite name="Films EN (Alle Leeftijden)" thumb="special://skin/logos/animatie.png">ActivateWindow(10025,&quot;plugin://plugin.video.thecrew/?action=movies&amp;url=http%3a%2f%2fwww.imdb.com%2fsearch%2ftitle%3ftitle_type%3dfeature%2ctv_movie%26languages%3den%26num_votes%3d100%2c%26production_status%3dreleased%26certificates%3dus%3ag%26sort%3dmoviemeter%2casc%26count%3d40%26start%3d1&quot;,return)</favourite>
    <favourite name="Films EN (9+)" thumb="special://skin/logos/kidsmovie.png">ActivateWindow(10025,&quot;plugin://plugin.video.thecrew/?action=movies&amp;url=http%3a%2f%2fwww.imdb.com%2fsearch%2ftitle%3ftitle_type%3dfeature%2ctv_movie%26languages%3den%26num_votes%3d100%2c%26production_status%3dreleased%26certificates%3dus%3apg%26sort%3dmoviemeter%2casc%26count%3d40%26start%3d1&quot;,return)</favourite>
</favourites>