<favourites>
	<favourite name="Muziek Streams" thumb="special://home/addons/plugin.video.menu5/logos/color/music.png">ActivateWindow(10025,&quot;plugin://plugin.audio.mp3streams/&quot;,return)</favourite>
	<favourite name="Electro" thumb="special://home/addons/plugin.video.menu5/logos/color/electro.png">ActivateWindow(10025,&quot;plugin://plugin.audio.jambmc/&quot;,return)</favourite>
	<favourite name="MusicBox" thumb="special://home/addons/plugin.video.menu5/logos/color/musicbox.png">ActivateWindow(10025,&quot;plugin://plugin.audio.musicbox/&quot;,return)</favourite>
	<favourite name="Radio" thumb="special://home/addons/plugin.video.menu5/logos/color/radio.png">ActivateWindow(10025,&quot;plugin://plugin.audio.radio_de/&quot;,return)</favourite>
	<favourite name="Vevo TV" thumb="special://home/addons/plugin.video.menu5/logos/color/vevo.png">ActivateWindow(10025,&quot;plugin://plugin.video.youtube/channel/UC2pmfLm7iq6Ov1UwYrWYkZA/?page=0&quot;,return)</favourite>
	<favourite name="Karaoke" thumb="special://home/addons/plugin.video.menu5/logos/color/karaoke.png">ActivateWindow(10025,&quot;plugin://plugin.video.youtube/kodion/search/query/?q=karaoke&amp;search_type=channel&quot;,return)</favourite>
	<!--<favourite name="JukeBox" thumb="special://home/addons/plugin.video.menu5/logos/color/jukebox.png">ActivateWindow(10025,&quot;plugin://plugin.video.Aspis/?mode=get_list&amp;url=https%3A%2F%2Fpastebin.com%2Fraw%2Fk5aKZH5L&quot;,return)</favourite>
	<favourite name="Concerten" thumb="special://home/addons/plugin.video.menu5/logos/color/concert.png">ActivateWindow(10025,&quot;plugin://plugin.video.Gen-X/?fanart=&amp;mode=1&amp;url=https%3a%2f%2fpastebin.com%2fraw%2f21eG2x0k&quot;,return)</favourite>-->
    <favourite name="Chill your Mind Music" thumb="special://home/addons/plugin.video.menu5/logos/color/chill.png">ActivateWindow(10025,&quot;plugin://plugin.video.youtube/channel/UCmDM6zuSTROOnZnjlt2RJGQ/?page=0&quot;,return)</favourite>
	<favourite name="Trap Nation Music" thumb="special://home/addons/plugin.video.menu5/logos/color/trapnation.png">ActivateWindow(10025,&quot;plugin://plugin.video.youtube/channel/UCa10nxShhzNrCE1o2ZOPztg/?page=0&quot;,return)</favourite>
    <favourite name="Spotify" thumb="special://home/addons/plugin.video.menu5/logos/color/spotify.png">ActivateWindow(10025,&quot;plugin://plugin.audio.spotify/&amp;sf_options=desc%3DPremium+Account+instellen+bij+instellingen%26_options_sf&quot;,return)</favourite>
    <favourite name="SoundCloud" thumb="special://home/addons/plugin.video.menu5/logos/color/soundcloud.png">ActivateWindow(10025,&quot;plugin://plugin.audio.soundcloud/&quot;,return)</favourite>
</favourites>