<favourites>
	<favourite name="Zoeken" thumb="special://home/addons/plugin.video.menu5/logos/navigatie/search.png">ActivateWindow(10025,&quot;plugin://plugin.video.seren/?action=moviesSearch&quot;,return)</favourite>
    <favourite name="Zoeken op Genres" thumb="special://home/addons/plugin.video.menu5/logos/navigatie/genre.png">ActivateWindow(10025,&quot;plugin://plugin.video.seren/?action=movieGenres&amp;page=1&quot;,return)</favourite>
    <favourite name="Zoeken op Jaartal" thumb="special://home/addons/plugin.video.menu5/logos/navigatie/years.png">ActivateWindow(10025,&quot;plugin://plugin.video.seren/?action=movieYears&quot;,return)</favourite>
    <favourite name="Zoeken op Acteurs" thumb="special://home/addons/plugin.video.menu5/logos/navigatie/artist.png">ActivateWindow(10025,&quot;plugin://plugin.video.seren/?action=movieByActor&quot;,return)</favourite>
</favourites>