<favourites>
	<favourite name="LiveSport-WS" thumb="/storage/.kodi/addons/plugin.video.PLsportowo/resources/logoc.png">ActivateWindow(10025,&quot;plugin://plugin.video.PLsportowo/?&amp;mode=livesportws&amp;title=LiveSport.ws&amp;url=http%3a%2f%2fstrims.world&amp;sf_options=winID%3D10025%26desc%3DVoetbal+|+F1+|+Darts+|+Meer..%26_options_sf&quot;,return)</favourite>
	<favourite name="SportsBay" thumb="/storage/.kodi/addons/plugin.video.PLsportowo/resources/logosb.png">ActivateWindow(10025,&quot;plugin://plugin.video.PLsportowo/?&amp;mode=getsportsbay&amp;title=SportsBay&amp;url=http%3a%2f%2fstrims.world&amp;sf_options=winID%3D10025%26desc%3DVoetbal+|+F1+|+NFL+|+Basketball+|+Meer..%26_options_sf&quot;,return)</favourite>
    <favourite name="SPORT365 [COLOR red]tijdelijk Down :([/COLOR]" thumb="http://i.imgur.com/hJ2vhip.png">ActivateWindow(10025,&quot;plugin://plugin.video.sport365.live/&amp;sf_options=winID%3D10025%26desc%3DVoetbal+|+F1+|+Darts+|+Meer..%26_options_sf&quot;,return)</favourite>
	<favourite name="Hesgoals" thumb="http://tv-online.in/wp-content/uploads/2013/09/DD-SPORT-LIVE.jpg">ActivateWindow(10025,&quot;plugin://plugin.video.arrakis/?description=No%20information%20available&amp;mode=get_hesgoal_games&amp;url=games&amp;sf_options=winID%3D10025%26desc%3DVoetbal+|+F1+|+Darts+|+Meer..%26_options_sf&quot;,return)</favourite>
    <favourite name="Rising Tides Live" thumb="http://mullafabz.xyz/HOST/Icons/live_football_logo.jpg">ActivateWindow(10025,&quot;plugin://plugin.video.Rising.Tides/?fanart=http%3a%2f%2fmullafabz.xyz%2fHOST%2fIcons%2fmatchdays.jpg&amp;iconimage=http%3a%2f%2fmullafabz.xyz%2fHOST%2fIcons%2flive_football_logo.jpg&amp;mode=1&amp;name=%5bCOLOR%20pink%5d%5bB%5dL%5b%2fB%5d%5b%2fCOLOR%5d%5bCOLOR%20white%5d%5bB%5dive%5b%2fB%5d%5b%2fCOLOR%5d%20%5bCOLOR%20red%5d%5bB%5dF%5b%2fB%5d%5b%2fCOLOR%5d%5bCOLOR%20white%5d%5bB%5dootball%5b%2fB%5d%5b%2fCOLOR%5d&amp;url=http%3a%2f%2fbit.ly%2fFOOTYSTRMZ&amp;sf_options=winID%3D10025%26desc%3DVoetbal..%26_options_sf&quot;,return)</favourite>
    <favourite name="Sportowa TV" thumb="/storage/.kodi/addons/plugin.video.PLsportowo/icon.png">ActivateWindow(10025,&quot;plugin://plugin.video.PLsportowo/&amp;sf_options=desc%3DAanbod+van+allerlei+verschillende+sportstreams.%26_options_sf&quot;)</favourite>
	<favourite name="Kanalen IPTV" thumb="special://home/addons/plugin.video.menu/logos/navigatie/antenna.png">ActivateWindow(10025,&quot;plugin://plugin.program.super.favourites/?label=sportchannels&amp;mode=400&amp;path=special%3A%2F%2Fhome%2Faddons%2Fplugin.video.menu%2Fmenu%5CSuper+Favourites%5Cmappen%5Csportchannels&amp;sf_options=winID%3D10025%26desc%3DLet+op+IPTV+kan+soms+niet+werken+of+bufferen..%26_options_sf&quot;,return)</favourite>
    <favourite name="Sportsdevil Streams" thumb="https://xbmctv.files.wordpress.com/2013/02/sportsdevil-screenshot.png">ActivateWindow(10025,&quot;plugin://plugin.video.SportsDevil/?item=title%3dLive%2bSports%26url%3dlivesports.cfg%26definedIn%3dmainMenu.cfg%26director%3dSportsDevil%26genre%3dLive%2bSports%26type%3drss&amp;mode=1&amp;sf_options=desc%3DAanbod+van+allerlei+verschillende+sportstreams.%26_options_sf&quot;)</favourite>
	<favourite name=">> INSTALL SPORT-REPO <<" thumb="special://skin/logos/sports.jpg">ActivateWindow(10025,&quot;plugin://plugin.video.sportrepo/&amp;sf_options=winID%3D10025%26desc%3DMust+have+als+je+sport+addons+wilt+installeren%26_options_sf&quot;,return)</favourite>
</favourites>