<favourites>
	<favourite name="Swift Streamz" thumb="special://skin/extras/icons/tv.png">ActivateWindow(10025,&quot;plugin://plugin.video.thecrew/?action=swiftNavigator&amp;sf_options=winID%3D10025%26desc%3DEnkele+NL+en+andere+kanalen%26_options_sf&quot;,return)</favourite>
	<favourite name="TV Tap" thumb="special://skin/extras/icons/tv.png">ActivateWindow(10025,&quot;plugin://script.module.limitless-tvtap/&amp;sf_options=winID%3D10025%26desc%3DDiverse+film/kanalen%26_options_sf&quot;,return)</favourite>
	<favourite name="IPTV.ORG" thumb="special://skin/extras/icons/tv.png">ActivateWindow(10025,&quot;plugin://plugin.video.thecrew/?action=gitNavigator&amp;sf_options=winID%3D10025%26desc%3DVeel+kanalen+sortering+op+land%26_options_sf&quot;,return)</favourite>
	<favourite name="The Lodge" thumb="special://skin/extras/icons/tv.png">ActivateWindow(10025,&quot;plugin://plugin.video.thecrew/?action=iptv_lodge&amp;sf_options=winID%3D10025%26desc%3DVeel+Engelse+kanalen%26_options_sf&quot;,return)</favourite>
	<favourite name="FilmOn" thumb="special://skin/extras/icons/tv.png">ActivateWindow(10025,&quot;plugin://plugin.video.ccloudtv/?iconimage=&amp;mode=20&amp;sf_options=winID%3D10025%26desc%3DDiverse+kanalen%26_options_sf&amp;url=filmon&quot;,return)</favourite>
	<favourite name="Stratus TV" thumb="special://skin/extras/icons/tv.png">ActivateWindow(10025,&quot;plugin://plugin.video.thecrew/?action=stratusNavigator&amp;sf_options=winID%3D10025%26desc%3DDiverse+land-kanalen+USA+Arabic+Spain+etc..%26_options_sf&quot;,return)</favourite>
	<favourite name="UKTurk" thumb="special://skin/extras/icons/tv.png">ActivateWindow(10025,&quot;plugin://plugin.video.ukturk/?description&amp;fanart=%2fstorage%2f.kodi%2faddons%2fplugin.video.ukturk%2ffanart.jpg&amp;iconimage=http%3a%2f%2faddoncloud.org%2fukturk%2fUKTurk%2fthumbs%2fnew%2fUk%2520turk%2520thumbnails%2520turkish%2520tv.jpg&amp;mode=1&amp;name=Turkish%20TV&amp;url=http%3a%2f%2faddoncloud.org%2fukturk%2fUKTurk%2fTurkishTV.txt&amp;sf_options=winID%3D10025%26desc%3DTurkse+kanalen%26_options_sf&quot;)</favourite>
	<favourite name="cCloud" thumb="special://skin/extras/icons/tv.png">ActivateWindow(10025,&quot;plugin://plugin.program.super.favourites/?label=ccloud&amp;mode=400&amp;path=special%3A%2F%2Fhome%2Faddons%2Fplugin.video.menu%2Fmenu%5CSuper+Favourites%5Cmappen%5Cccloud&amp;sf_options=winID%3D10025%26desc%3DDiverse+kanalen%26_options_sf&quot;,return)</favourite>
	<favourite name="[COLOR FFffffffff][COLORwhite]SWIFT STREAMZ MOVIES 24-7[/COLOR][/COLOR]" thumb="http://www.ezzer-mac.com/frank/artghost/tv247.png">ActivateWindow(10025,&quot;plugin://script.module.swiftstreamz1/list_channels/7?sf_options=fanart%3Dhttp%3A%2F%2Fwww.ezzer-mac.com%2Ffrank%2Fartghost%2F247.jpg%26meta%3Dplot%253DNo%252Binformation%252Bavailable%2526votes%253D0%2526label%253D%25255BCOLOR%252BFFffffffff%25255D%25255BCOLORwhite%25255DSWIFT%252BSTREAMZ%252BMOVIES%252B24-7%25255B%25252FCOLOR%25255D%25255B%25252FCOLOR%25255D%2526title%253D%25255BCOLOR%252BFFffffffff%25255D%25255BCOLORwhite%25255DSWIFT%252BSTREAMZ%252BMOVIES%252B24-7%25255B%25252FCOLOR%25255D%25255B%25252FCOLOR%25255D%26desc%3DNo+information+available%26_options_sf&quot;,return)</favourite>
</favourites>