<?xml version='1.0' encoding='UTF-8'?>
<shortcuts>
	<shortcut>
		<defaultID>films</defaultID>
		<label>Week Top 10 [COLOR cyan]The Crew[/COLOR]</label>
		<label2>Video add-on</label2>
		<icon>DefaultShortcut.png</icon>
		<thumb>special://skin/extras/icons/director.png</thumb>
		<action>ActivateWindow(Videos,"plugin://plugin.video.thecrew/?action=movies&amp;url=https%3a%2f%2fapi.trakt.tv%2fusers%2fgiladg%2flists%2ftop-10-movies-of-the-week%2fitems%3flimit%3d25%20",return)</action>
	</shortcut>
</shortcuts>
