<?xml version='1.0' encoding='UTF-8'?>
<shortcuts>
	<shortcut>
		<label>Films</label>
		<label2>Common Shortcut</label2>
		<defaultID>movies</defaultID>
		<icon>DefaultShortcut.png</icon>
		<thumb>special://skin/extras/icons/director.png</thumb>
		<action>noop</action>
	</shortcut>
	<shortcut>
		<label>Series</label>
		<label2>Common Shortcut</label2>
		<defaultID>tvshows</defaultID>
		<icon>DefaultShortcut.png</icon>
		<thumb>special://skin/extras/icons/director.png</thumb>
		<action>noop</action>
	</shortcut>
	<shortcut>
		<label>Meer</label>
		<label2>Common Shortcut</label2>
		<defaultID>more</defaultID>
		<icon>DefaultShortcut.png</icon>
		<thumb>special://skin/extras/icons/director.png</thumb>
		<action>noop</action>
	</shortcut>
	<shortcut>
		<label>Live TV</label>
		<label2>Programma</label2>
		<defaultID>live</defaultID>
		<icon>DefaultShortcut.png</icon>
		<thumb>special://skin/extras/icons/tv.png</thumb>
		<action>ActivateWindow(1107)</action>
	</shortcut>
	<shortcut>
		<label>Sports</label>
		<label2>Programma</label2>
		<defaultID>sports</defaultID>
		<icon>DefaultShortcut.png</icon>
		<thumb>special://skin/extras/icons/run.png</thumb>
		<action>ActivateWindow(1109)</action>
	</shortcut>
	<shortcut>
		<label>Muziek</label>
		<label2>Programma</label2>
		<defaultID>muziek</defaultID>
		<icon>DefaultShortcut.png</icon>
		<thumb>special://skin/extras/icons/songs.png</thumb>
		<action>noop</action>
	</shortcut>
	<shortcut>
		<label>Menu</label>
		<label2>Aangepaste snelkoppeling</label2>
		<defaultID>settings</defaultID>
		<icon>DefaultShortcut.png</icon>
		<thumb>special://skin/extras/icons/addons.png</thumb>
		<action>ActivateWindow(shutdownmenu)</action>
	</shortcut>
</shortcuts>
