<?xml version='1.0' encoding='UTF-8'?>
<shortcuts>
	<shortcut>
		<defaultID />
		<label>XXX (adult)</label>
		<label2>Video add-on</label2>
		<icon>DefaultShortcut.png</icon>
		<thumb>special://skin/extras/icons/search.png</thumb>
		<action>ActivateWindow(10025,&quot;plugin://plugin.program.super.favourites/?label=xxx&amp;mode=400&amp;path=special%3A%2F%2Fhome%2Faddons%2Fplugin.video.menu%2Fmenu%5CSuper+Favourites%5Cmappen%5CXXX&amp;sf_options=&quot;,return)</action>
		<visible>!Skin.HasSetting(xxx)</visible>
	</shortcut>
</shortcuts>