<?xml version='1.0' encoding='UTF-8'?>
<shortcuts>
	<shortcut>
		<defaultID />
		<label>$ADDON[plugin.video.menu5 10001]</label>
		<label2>Video add-on</label2>
		<icon>DefaultShortcut.png</icon>
		<thumb></thumb>
		<action>$ADDON[plugin.video.menu5 10101]</action>
		<visible>!Skin.HasSetting(addon1)</visible>
	</shortcut>
	<shortcut>
		<defaultID />
		<label>$ADDON[plugin.video.menu5 10002]</label>
		<label2>Video add-on</label2>
		<icon>DefaultShortcut.png</icon>
		<thumb></thumb>
		<action>$ADDON[plugin.video.menu5 10102]</action>
		<visible>!Skin.HasSetting(addon1)</visible>
	</shortcut>
	<shortcut>
		<defaultID />
		<label>$ADDON[plugin.video.menu5 10003]</label>
		<label2>Video add-on</label2>
		<icon>DefaultShortcut.png</icon>
		<thumb></thumb>
		<action>$ADDON[plugin.video.menu5 10103]</action>
		<visible>!Skin.HasSetting(addon1)</visible>
	</shortcut>
	<shortcut>
		<defaultID />
		<label>$ADDON[plugin.video.menu5 10004]</label>
		<label2>Video add-on</label2>
		<icon>DefaultShortcut.png</icon>
		<thumb></thumb>
		<action>$ADDON[plugin.video.menu5 10104]</action>
		<visible>!Skin.HasSetting(addon1)</visible>
	</shortcut>
	<shortcut>
		<defaultID />
		<label>$ADDON[plugin.video.menu5 10005]</label>
		<label2>Video add-on</label2>
		<icon>DefaultShortcut.png</icon>
		<thumb></thumb>
		<action>$ADDON[plugin.video.menu5 10105]</action>
		<visible>!Skin.HasSetting(addon1)</visible>
	</shortcut>
	<shortcut>
		<defaultID />
		<label>$ADDON[plugin.video.menu5 10006]</label>
		<label2>Video add-on</label2>
		<icon>DefaultShortcut.png</icon>
		<thumb></thumb>
		<action>$ADDON[plugin.video.menu5 10106]</action>
		<visible>!Skin.HasSetting(addon1) + !Skin.HasSetting(trakt)</visible>
	</shortcut>
	<shortcut>
		<defaultID />
		<label>$ADDON[plugin.video.menu5 10007]</label>
		<label2>Video add-on</label2>
		<icon>DefaultShortcut.png</icon>
		<thumb></thumb>
		<action>$ADDON[plugin.video.menu5 10107]</action>
		<visible>!Skin.HasSetting(addon2)</visible>
	</shortcut>
	<shortcut>
		<defaultID />
		<label>$ADDON[plugin.video.menu5 10008]</label>
		<label2>Video add-on</label2>
		<icon>DefaultShortcut.png</icon>
		<thumb></thumb>
		<action>$ADDON[plugin.video.menu5 10108]</action>
		<visible>!Skin.HasSetting(addon2)</visible>
	</shortcut>
	<shortcut>
		<defaultID />
		<label>$ADDON[plugin.video.menu5 10009]</label>
		<label2>Video add-on</label2>
		<icon>DefaultShortcut.png</icon>
		<thumb></thumb>
		<action>$ADDON[plugin.video.menu5 10109]</action>
		<visible>!Skin.HasSetting(addon2)</visible>
	</shortcut>
	<shortcut>
		<defaultID />
		<label>$ADDON[plugin.video.menu5 10010]</label>
		<label2>Video add-on</label2>
		<icon>DefaultShortcut.png</icon>
		<thumb></thumb>
		<action>$ADDON[plugin.video.menu5 10110]</action>
		<visible>!Skin.HasSetting(addon2)</visible>
	</shortcut>
	<shortcut>
		<defaultID />
		<label>$ADDON[plugin.video.menu5 10011]</label>
		<label2>Video add-on</label2>
		<icon>DefaultShortcut.png</icon>
		<thumb>special://skin/extras/icons/search.png</thumb>
		<action>$ADDON[plugin.video.menu5 10111]</action>
		<visible>!Skin.HasSetting(addon2)</visible>
	</shortcut>
	<shortcut>
		<defaultID />
		<label>$ADDON[plugin.video.menu5 10012]</label>
		<label2>Video add-on</label2>
		<icon>DefaultShortcut.png</icon>
		<thumb></thumb>
		<action>$ADDON[plugin.video.menu5 10112]</action>
		<visible>!Skin.HasSetting(addon2) + !Skin.HasSetting(trakt)</visible>
	</shortcut>
	<shortcut>
		<defaultID />
		<label>$ADDON[plugin.video.menu5 10013]</label>
		<label2>Video add-on</label2>
		<icon>DefaultShortcut.png</icon>
		<thumb></thumb>
		<action>$ADDON[plugin.video.menu5 10113]</action>
		<visible>!Skin.HasSetting(addon3)</visible>
	</shortcut>
	<shortcut>
		<defaultID />
		<label>$ADDON[plugin.video.menu5 10014]</label>
		<label2>Video add-on</label2>
		<icon>DefaultShortcut.png</icon>
		<thumb></thumb>
		<action>$ADDON[plugin.video.menu5 10114]</action>
		<visible>!Skin.HasSetting(addon3)</visible>
	</shortcut>
	<shortcut>
		<defaultID />
		<label>$ADDON[plugin.video.menu5 10015]</label>
		<label2>Video add-on</label2>
		<icon>DefaultShortcut.png</icon>
		<thumb></thumb>
		<action>$ADDON[plugin.video.menu5 10115]</action>
		<visible>!Skin.HasSetting(addon3)</visible>
	</shortcut>
	<shortcut>
		<defaultID />
		<label>$ADDON[plugin.video.menu5 10016]</label>
		<label2>Video add-on</label2>
		<icon>DefaultShortcut.png</icon>
		<thumb></thumb>
		<action>$ADDON[plugin.video.menu5 10116]</action>
		<visible>!Skin.HasSetting(addon3) + !Skin.HasSetting(trakt)</visible>
	</shortcut>
	<shortcut>
		<defaultID />
		<label>$ADDON[plugin.video.menu5 10017]</label>
		<label2>Video add-on</label2>
		<icon>DefaultShortcut.png</icon>
		<thumb></thumb>
		<action>$ADDON[plugin.video.menu5 10117]</action>
		<visible>!Skin.HasSetting(addon3)</visible>
	</shortcut>
	<shortcut>
		<defaultID />
		<label>$ADDON[plugin.video.menu5 10018]</label>
		<label2>Video add-on</label2>
		<icon>DefaultShortcut.png</icon>
		<thumb></thumb>
		<action>$ADDON[plugin.video.menu5 10118]</action>
		<visible>!Skin.HasSetting(addon3)</visible>
	</shortcut>
	<shortcut>
		<defaultID />
		<label>$ADDON[plugin.video.menu5 10019]</label>
		<label2>Video add-on</label2>
		<icon>DefaultShortcut.png</icon>
		<thumb></thumb>
		<action>$ADDON[plugin.video.menu5 10119]</action>
		<visible>!Skin.HasSetting(addon3) + !Skin.HasSetting(trakt)</visible>
	</shortcut>
	<shortcut>
		<defaultID />
		<label>$ADDON[plugin.video.menu5 10020]</label>
		<label2>Video add-on</label2>
		<icon>DefaultShortcut.png</icon>
		<thumb></thumb>
		<action>$ADDON[plugin.video.menu5 10120]</action>
		<visible>!Skin.HasSetting(addon4)</visible>
	</shortcut>
	<shortcut>
		<defaultID />
		<label>$ADDON[plugin.video.menu5 10021]</label>
		<label2>Video add-on</label2>
		<icon>DefaultShortcut.png</icon>
		<thumb></thumb>
		<action>$ADDON[plugin.video.menu5 10121]</action>
		<visible>!Skin.HasSetting(addon4)</visible>
	</shortcut>
	<shortcut>
		<defaultID />
		<label>$ADDON[plugin.video.menu5 10022]</label>
		<label2>Video add-on</label2>
		<icon>DefaultShortcut.png</icon>
		<thumb></thumb>
		<action>$ADDON[plugin.video.menu5 10122]</action>
		<visible>!Skin.HasSetting(addon4)</visible>
	</shortcut>
	<shortcut>
		<defaultID />
		<label>$ADDON[plugin.video.menu5 10023]</label>
		<label2>Video add-on</label2>
		<icon>DefaultShortcut.png</icon>
		<thumb></thumb>
		<action>$ADDON[plugin.video.menu5 10123]</action>
		<visible>!Skin.HasSetting(addon4)</visible>
	</shortcut>
	<shortcut>
		<defaultID />
		<label>$ADDON[plugin.video.menu5 10024]</label>
		<label2>Video add-on</label2>
		<icon>DefaultShortcut.png</icon>
		<thumb></thumb>
		<action>$ADDON[plugin.video.menu5 10124]</action>
		<visible>!Skin.HasSetting(addon4)</visible>
	</shortcut>
	<shortcut>
		<defaultID />
		<label>$ADDON[plugin.video.menu5 10025]</label>
		<label2>Video add-on</label2>
		<icon>DefaultShortcut.png</icon>
		<thumb></thumb>
		<action>$ADDON[plugin.video.menu5 10125]</action>
		<visible>!Skin.HasSetting(addon4) + !Skin.HasSetting(trakt)</visible>
	</shortcut>
	<shortcut>
		<defaultID />
		<label>$ADDON[plugin.video.menu5 10026]</label>
		<label2>Video add-on</label2>
		<icon>DefaultShortcut.png</icon>
		<thumb></thumb>
		<action>$ADDON[plugin.video.menu5 10126]</action>
		<visible>!Skin.HasSetting(addon5)</visible>
	</shortcut>
	<shortcut>
		<defaultID />
		<label>$ADDON[plugin.video.menu5 10027]</label>
		<label2>Video add-on</label2>
		<icon>DefaultShortcut.png</icon>
		<thumb></thumb>
		<action>$ADDON[plugin.video.menu5 10127]</action>
		<visible>!Skin.HasSetting(addon5)</visible>
	</shortcut>
	<shortcut>
		<defaultID />
		<label>$ADDON[plugin.video.menu5 10028]</label>
		<label2>Video add-on</label2>
		<icon>DefaultShortcut.png</icon>
		<thumb></thumb>
		<action>$ADDON[plugin.video.menu5 10128]</action>
		<visible>!Skin.HasSetting(addon5)</visible>
	</shortcut>
	<shortcut>
		<defaultID />
		<label>$ADDON[plugin.video.menu5 10029]</label>
		<label2>Video add-on</label2>
		<icon>DefaultShortcut.png</icon>
		<thumb></thumb>
		<action>$ADDON[plugin.video.menu5 10129]</action>
		<visible>!Skin.HasSetting(addon5)</visible>
	</shortcut>
	<shortcut>
		<defaultID />
		<label>$ADDON[plugin.video.menu5 10030]</label>
		<label2>Video add-on</label2>
		<icon>DefaultShortcut.png</icon>
		<thumb></thumb>
		<action>$ADDON[plugin.video.menu5 10130]</action>
		<visible>!Skin.HasSetting(addon5)</visible>
	</shortcut>
</shortcuts>