<?xml version='1.0' encoding='UTF-8'?>
<shortcuts>
	<shortcut>
		<defaultID>muziek1</defaultID>
		<label>iTunes Top 20s Nederland</label>
		<label2>Video add-on</label2>
		<icon>DefaultShortcut.png</icon>
		<thumb>special://skin/extras/icons/director.png</thumb>
		<action>ActivateWindow(Videos,"plugin://plugin.audio.musicbox/?country=nl&amp;mode=15&amp;name=Netherlands&amp;url=1",return)</action>
	</shortcut>
	<shortcut>
		<defaultID>muziek2</defaultID>
		<label> </label>
		<label2>Video add-on</label2>
		<icon>DefaultShortcut.png</icon>
		<thumb>special://skin/extras/icons/director.png</thumb>
		<action>ActivateWindow(Videos,"plugin://plugin.program.super.favourites/?label=muziek&amp;mode=400&amp;path=special%3A%2F%2Fhome%2Faddons%2Fplugin.video.menu5%2Fmenu%5CSuper+Favourites%5CMuziek",return)</action>
	</shortcut>
</shortcuts>
