<?xml version='1.0' encoding='UTF-8'?>
<shortcuts>
    <shortcut>
        <label2>Power Menu Shortcut</label2>
        <label>Instellingen</label>
        <action>ActivateWindow(SkinSettings)</action>
        <icon>special://skin/extras/icons/power.png</icon>
    </shortcut>
    <shortcut>
        <label2>Power Menu Shortcut</label2>
        <label>Scherm Uitlijnen</label>
        <action>ActivateWindow(screencalibration)</action>
        <icon>special://skin/extras/icons/power.png</icon>
    </shortcut>
    <shortcut>
        <label2>Power Menu Shortcut</label2>
        <label>Wifi Setup</label>
        <action>RunScript(special://skin/resources/settings.py)</action>
        <icon>special://skin/extras/icons/power.png</icon>
    </shortcut>
    <shortcut>
        <label2>Power Menu Shortcut</label2>
        <label>Herstarten</label>
        <action>Reset()</action>
        <icon>special://skin/extras/icons/power.png</icon>
    </shortcut>
    <shortcut>
        <label2>Power Menu Shortcut</label2>
        <label>13012</label>
        <action>Quit()</action>
        <visible>System.ShowExitButton</visible>
        <icon>special://skin/extras/icons/power.png</icon>
    </shortcut>
    <shortcut>
        <label2>Power Menu Shortcut</label2>
        <label>20046</label>
        <altlabel>20045</altlabel>
        <usealttexture>!System.IsMaster</usealttexture>
        <action>xbmc.mastermode</action>
        <visible>System.HasLocks</visible>
        <icon>special://skin/extras/icons/power.png</icon>
    </shortcut>
     <shortcut>
        <label2>Power Menu Shortcut</label2>
        <label>20126</label>
        <action>dialog.close(all,true)</action>
        <action>System.LogOff</action>
        <visible>System.HasLoginScreen | IntegerGreaterThan(System.ProfileCount,1)</visible>
        <visible>System.Loggedon</visible>
        <icon>special://skin/extras/icons/power.png</icon>
    </shortcut>
    <shortcut>
        <label2>Power Menu Shortcut</label2>
        <label>13005</label>
        <action>Powerdown()</action>
        <visible>System.CanPowerDown</visible>
        <icon>special://skin/extras/icons/power.png</icon>
    </shortcut>
</shortcuts>
