<?xml version='1.0' encoding='UTF-8'?>
<shortcuts>
	<shortcut>
		<defaultID />
		<label>Favorieten Addons</label>
		<label2>Algemene snelkoppeling</label2>
		<icon>DefaultIconFavourite.png</icon>
		<thumb />
		<action>ActivateWindow(Favourites)</action>
	</shortcut>
	<shortcut>
		<defaultID />
		<label>Video Addons</label>
		<label2>Video's</label2>
		<icon>DefaultAddonVideo.png</icon>
		<thumb />
		<action>ActivateWindow(Videos,Addons,return)</action>
	</shortcut>
	<shortcut>
		<defaultID />
		<label>Muziek Addons</label>
		<label2>Music</label2>
		<icon>DefaultAddonMusic.png</icon>
		<thumb />
		<action>ActivateWindow(10025,addons://sources/audio/,return)</action>
	</shortcut>
	<shortcut>
		<defaultID />
		<label>Video Beheer</label>
		<label2>External2</label2>
		<icon></icon>
		<thumb />
		<action>ActivateWindow(10025,library://video/files.xml/,return)</action>
	</shortcut>
	<shortcut>
		<defaultID />
		<label>Bestandsbeheer</label>
		<label2>External</label2>
		<icon></icon>
		<thumb />
		<action>ActivateWindow(filemanager)</action>
	</shortcut>
</shortcuts>