<?xml version='1.0' encoding='UTF-8'?>
<shortcuts>
	<shortcut>
		<defaultID />
		<label>[COLOR $VAR[ColorHighlight]]Live Sport[/COLOR]</label>
		<label2>Video add-on</label2>
		<icon>DefaultShortcut.png</icon>
		<thumb>special://skin/extras/icons/search.png</thumb>
		<action>ActivateWindow(10025,&quot;plugin://plugin.program.super.favourites/?label=livesport&amp;mode=400&amp;path=special%3A%2F%2Fhome%2Faddons%2Fplugin.video.menu5%2Fmenu%5CSuper+Favourites%5Cmappen%5Csportstreamtips&quot;,return)</action>
		<visible>!Skin.HasSetting(addon1)</visible>
	</shortcut>
	<shortcut>
		<defaultID />
		<label>IPTV Kanalen</label>
		<label2>Video add-on</label2>
		<icon>DefaultShortcut.png</icon>
		<thumb>special://skin/extras/icons/search.png</thumb>
		<action>ActivateWindow(10025,&quot;plugin://plugin.program.super.favourites/?label=sportchannels&amp;mode=400&amp;path=special%3A%2F%2Fhome%2Faddons%2Fplugin.video.menu5%2Fmenu%5CSuper+Favourites%5Cmappen%5Csportchannels&quot;,return)</action>
		<visible>!Skin.HasSetting(addon2)</visible>
	</shortcut>
</shortcuts>