<?xml version='1.0' encoding='UTF-8'?>
<shortcuts>
	<shortcut>
		<defaultID>sport1</defaultID>
		<label>Sport Herhalingen en Meer</label>
		<label2>Video add-on</label2>
		<icon>DefaultShortcut.png</icon>
		<thumb>special://skin/extras/icons/director.png</thumb>
		<action>ActivateWindow(Videos,"plugin://plugin.program.super.favourites/?label=more&amp;mode=400&amp;path=special%3A%2F%2Fhome%2Faddons%2Fplugin.video.menu5%2Fmenu%5CSuper+Favourites%5Cmappen%5Chighlights",return)</action>
	</shortcut>
</shortcuts>
