<?xml version='1.0' encoding='UTF-8'?>
<shortcuts>
	<shortcut>
		<defaultID />
		<label>$ADDON[plugin.video.menu5 20001]</label>
		<label2>Video add-on</label2>
		<icon>DefaultShortcut.png</icon>
		<thumb></thumb>
		<action>$ADDON[plugin.video.menu5 20101]</action>
		<visible>!Skin.HasSetting(addon1)</visible>
	</shortcut>
	<shortcut>
		<defaultID />
		<label>$ADDON[plugin.video.menu5 20002]</label>
		<label2>Video add-on</label2>
		<icon>DefaultShortcut.png</icon>
		<thumb></thumb>
		<action>$ADDON[plugin.video.menu5 20102]</action>
		<visible>!Skin.HasSetting(addon1)</visible>
	</shortcut>
	<shortcut>
		<defaultID />
		<label>$ADDON[plugin.video.menu5 20003]</label>
		<label2>Video add-on</label2>
		<icon>DefaultShortcut.png</icon>
		<thumb></thumb>
		<action>$ADDON[plugin.video.menu5 20103]</action>
		<visible>!Skin.HasSetting(addon1)</visible>
	</shortcut>
	<shortcut>
		<defaultID />
		<label>$ADDON[plugin.video.menu5 20004]</label>
		<label2>Video add-on</label2>
		<icon>DefaultShortcut.png</icon>
		<thumb></thumb>
		<action>$ADDON[plugin.video.menu5 20104]</action>
		<visible>!Skin.HasSetting(addon1)</visible>
	</shortcut>
	<shortcut>
		<defaultID />
		<label>$ADDON[plugin.video.menu5 20005]</label>
		<label2>Video add-on</label2>
		<icon>DefaultShortcut.png</icon>
		<thumb></thumb>
		<action>$ADDON[plugin.video.menu5 20105]</action>
		<visible>!Skin.HasSetting(addon1)</visible>
	</shortcut>
	<shortcut>
		<defaultID />
		<label>$ADDON[plugin.video.menu5 20006]</label>
		<label2>Video add-on</label2>
		<icon>DefaultShortcut.png</icon>
		<thumb></thumb>
		<action>$ADDON[plugin.video.menu5 20106]</action>
		<visible>!Skin.HasSetting(addon1) + !Skin.HasSetting(trakt)</visible>
	</shortcut>
	<shortcut>
		<defaultID />
		<label>$ADDON[plugin.video.menu5 20007]</label>
		<label2>Video add-on</label2>
		<icon>DefaultShortcut.png</icon>
		<thumb></thumb>
		<action>$ADDON[plugin.video.menu5 20107]</action>
		<visible>!Skin.HasSetting(addon2)</visible>
	</shortcut>
	<shortcut>
		<defaultID />
		<label>$ADDON[plugin.video.menu5 20008]</label>
		<label2>Video add-on</label2>
		<icon>DefaultShortcut.png</icon>
		<thumb></thumb>
		<action>$ADDON[plugin.video.menu5 20108]</action>
		<visible>!Skin.HasSetting(addon2)</visible>
	</shortcut>
	<shortcut>
		<defaultID />
		<label>$ADDON[plugin.video.menu5 20009]</label>
		<label2>Video add-on</label2>
		<icon>DefaultShortcut.png</icon>
		<thumb></thumb>
		<action>$ADDON[plugin.video.menu5 20109]</action>
		<visible>!Skin.HasSetting(addon2)</visible>
	</shortcut>
	<shortcut>
		<defaultID />
		<label>$ADDON[plugin.video.menu5 20010]</label>
		<label2>Video add-on</label2>
		<icon>DefaultShortcut.png</icon>
		<thumb></thumb>
		<action>$ADDON[plugin.video.menu5 20110]</action>
		<visible>!Skin.HasSetting(addon2)</visible>
	</shortcut>
	<shortcut>
		<defaultID />
		<label>$ADDON[plugin.video.menu5 20011]</label>
		<label2>Video add-on</label2>
		<icon>DefaultShortcut.png</icon>
		<thumb>special://skin/extras/icons/search.png</thumb>
		<action>$ADDON[plugin.video.menu5 20111]</action>
		<visible>!Skin.HasSetting(addon2)</visible>
	</shortcut>
	<shortcut>
		<defaultID />
		<label>$ADDON[plugin.video.menu5 20012]</label>
		<label2>Video add-on</label2>
		<icon>DefaultShortcut.png</icon>
		<thumb></thumb>
		<action>$ADDON[plugin.video.menu5 20112]</action>
		<visible>!Skin.HasSetting(addon2) + !Skin.HasSetting(trakt)</visible>
	</shortcut>
	<shortcut>
		<defaultID />
		<label>$ADDON[plugin.video.menu5 20013]</label>
		<label2>Video add-on</label2>
		<icon>DefaultShortcut.png</icon>
		<thumb></thumb>
		<action>$ADDON[plugin.video.menu5 20113]</action>
		<visible>!Skin.HasSetting(addon3)</visible>
	</shortcut>
	<shortcut>
		<defaultID />
		<label>$ADDON[plugin.video.menu5 20014]</label>
		<label2>Video add-on</label2>
		<icon>DefaultShortcut.png</icon>
		<thumb></thumb>
		<action>$ADDON[plugin.video.menu5 20114]</action>
		<visible>!Skin.HasSetting(addon3)</visible>
	</shortcut>
	<shortcut>
		<defaultID />
		<label>$ADDON[plugin.video.menu5 20015]</label>
		<label2>Video add-on</label2>
		<icon>DefaultShortcut.png</icon>
		<thumb></thumb>
		<action>$ADDON[plugin.video.menu5 20115]</action>
		<visible>!Skin.HasSetting(addon3)</visible>
	</shortcut>
	<shortcut>
		<defaultID />
		<label>$ADDON[plugin.video.menu5 20016]</label>
		<label2>Video add-on</label2>
		<icon>DefaultShortcut.png</icon>
		<thumb></thumb>
		<action>$ADDON[plugin.video.menu5 20116]</action>
		<visible>!Skin.HasSetting(addon3) + !Skin.HasSetting(trakt)</visible>
	</shortcut>
	<shortcut>
		<defaultID />
		<label>$ADDON[plugin.video.menu5 20017]</label>
		<label2>Video add-on</label2>
		<icon>DefaultShortcut.png</icon>
		<thumb></thumb>
		<action>$ADDON[plugin.video.menu5 20117]</action>
		<visible>!Skin.HasSetting(addon3)</visible>
	</shortcut>
	<shortcut>
		<defaultID />
		<label>$ADDON[plugin.video.menu5 20018]</label>
		<label2>Video add-on</label2>
		<icon>DefaultShortcut.png</icon>
		<thumb></thumb>
		<action>$ADDON[plugin.video.menu5 20118]</action>
		<visible>!Skin.HasSetting(addon3)</visible>
	</shortcut>
	<shortcut>
		<defaultID />
		<label>$ADDON[plugin.video.menu5 20019]</label>
		<label2>Video add-on</label2>
		<icon>DefaultShortcut.png</icon>
		<thumb></thumb>
		<action>$ADDON[plugin.video.menu5 20119]</action>
		<visible>!Skin.HasSetting(addon3) + !Skin.HasSetting(trakt)</visible>
	</shortcut>
	<shortcut>
		<defaultID />
		<label>$ADDON[plugin.video.menu5 20020]</label>
		<label2>Video add-on</label2>
		<icon>DefaultShortcut.png</icon>
		<thumb></thumb>
		<action>$ADDON[plugin.video.menu5 20120]</action>
		<visible>!Skin.HasSetting(addon4)</visible>
	</shortcut>
	<shortcut>
		<defaultID />
		<label>$ADDON[plugin.video.menu5 20021]</label>
		<label2>Video add-on</label2>
		<icon>DefaultShortcut.png</icon>
		<thumb></thumb>
		<action>$ADDON[plugin.video.menu5 20121]</action>
		<visible>!Skin.HasSetting(addon4)</visible>
	</shortcut>
	<shortcut>
		<defaultID />
		<label>$ADDON[plugin.video.menu5 20022]</label>
		<label2>Video add-on</label2>
		<icon>DefaultShortcut.png</icon>
		<thumb></thumb>
		<action>$ADDON[plugin.video.menu5 20122]</action>
		<visible>!Skin.HasSetting(addon4)</visible>
	</shortcut>
	<shortcut>
		<defaultID />
		<label>$ADDON[plugin.video.menu5 20023]</label>
		<label2>Video add-on</label2>
		<icon>DefaultShortcut.png</icon>
		<thumb></thumb>
		<action>$ADDON[plugin.video.menu5 20123]</action>
		<visible>!Skin.HasSetting(addon4)</visible>
	</shortcut>
	<shortcut>
		<defaultID />
		<label>$ADDON[plugin.video.menu5 20024]</label>
		<label2>Video add-on</label2>
		<icon>DefaultShortcut.png</icon>
		<thumb></thumb>
		<action>$ADDON[plugin.video.menu5 20124]</action>
		<visible>!Skin.HasSetting(addon4)</visible>
	</shortcut>
	<shortcut>
		<defaultID />
		<label>$ADDON[plugin.video.menu5 20025]</label>
		<label2>Video add-on</label2>
		<icon>DefaultShortcut.png</icon>
		<thumb></thumb>
		<action>$ADDON[plugin.video.menu5 20125]</action>
		<visible>!Skin.HasSetting(addon4) + !Skin.HasSetting(trakt)</visible>
	</shortcut>
	<shortcut>
		<defaultID />
		<label>$ADDON[plugin.video.menu5 20026]</label>
		<label2>Video add-on</label2>
		<icon>DefaultShortcut.png</icon>
		<thumb></thumb>
		<action>$ADDON[plugin.video.menu5 20126]</action>
		<visible>!Skin.HasSetting(addon5)</visible>
	</shortcut>
	<shortcut>
		<defaultID />
		<label>$ADDON[plugin.video.menu5 20027]</label>
		<label2>Video add-on</label2>
		<icon>DefaultShortcut.png</icon>
		<thumb></thumb>
		<action>$ADDON[plugin.video.menu5 20127]</action>
		<visible>!Skin.HasSetting(addon5)</visible>
	</shortcut>
	<shortcut>
		<defaultID />
		<label>$ADDON[plugin.video.menu5 20028]</label>
		<label2>Video add-on</label2>
		<icon>DefaultShortcut.png</icon>
		<thumb></thumb>
		<action>$ADDON[plugin.video.menu5 20128]</action>
		<visible>!Skin.HasSetting(addon5)</visible>
	</shortcut>
	<shortcut>
		<defaultID />
		<label>$ADDON[plugin.video.menu5 20029]</label>
		<label2>Video add-on</label2>
		<icon>DefaultShortcut.png</icon>
		<thumb></thumb>
		<action>$ADDON[plugin.video.menu5 20129]</action>
		<visible>!Skin.HasSetting(addon5)</visible>
	</shortcut>
	<shortcut>
		<defaultID />
		<label>$ADDON[plugin.video.menu5 20030]</label>
		<label2>Video add-on</label2>
		<icon>DefaultShortcut.png</icon>
		<thumb></thumb>
		<action>$ADDON[plugin.video.menu5 20130]</action>
		<visible>!Skin.HasSetting(addon5)</visible>
	</shortcut>
</shortcuts>