<?xml version='1.0' encoding='UTF-8'?>
<shortcuts>
	<shortcut>
		<defaultID />
		<label>SportBay</label>
		<label2>Video add-on</label2>
		<icon>special://home/addons/plugin.video.PLsportowo/resources/logosb.png</icon>
		<thumb />
		<action>ActivateWindow(10025,&quot;plugin://plugin.video.PLsportowo/?image=%2fstorage%2f.kodi%2faddons%2fplugin.video.PLsportowo%2fresources%2fcalendar.png&amp;mode=getsportsbayschedule&amp;title=All%20events&amp;url=https%3a%2f%2fsportsbay.org%2fpage%2f1&quot;,return)</action>
	</shortcut>
	<shortcut>
		<defaultID />
		<label>Rising Tides Sports</label>
		<label2>Video add-on</label2>
		<icon>http://mullafabz.xyz/HOST/Icons/live_football_logo.jpg</icon>
		<thumb />
		<action>ActivateWindow(10025,&quot;plugin://plugin.video.Rising.Tides/?fanart=http%3a%2f%2fmullafabz.xyz%2fHOST%2fIcons%2fmatchdays.jpg&amp;iconimage=http%3a%2f%2fmullafabz.xyz%2fHOST%2fIcons%2flive_football_logo.jpg&amp;mode=1&amp;name=%5bCOLOR%20pink%5d%5bB%5dL%5b%2fB%5d%5b%2fCOLOR%5d%5bCOLOR%20white%5d%5bB%5dive%5b%2fB%5d%5b%2fCOLOR%5d%20%5bCOLOR%20red%5d%5bB%5dF%5b%2fB%5d%5b%2fCOLOR%5d%5bCOLOR%20white%5d%5bB%5dootball%5b%2fB%5d%5b%2fCOLOR%5d&amp;url=http%3a%2f%2fbit.ly%2fFOOTYSTRMZ&quot;,return)</action>
	</shortcut>
	<shortcut>
		<defaultID />
		<label>RojaDirecta</label>
		<label2>Video add-on</label2>
		<icon>special://home/addons/plugin.video.SportsDevil/resources/images/roja.jpg</icon>
		<thumb />
		<action>ActivateWindow(10025,&quot;plugin://plugin.video.SportsDevil/?item=title%3dRojaDirecta.me%26url%3dlivesports%252Frojadirecta.me.cfg%26definedIn%3dlivesports.cfg%26director%3dRojaDirecta.me%26genre%3dLive%2bSports%26type%3drss%26icon%3d%252Fstorage%252F.kodi%252Faddons%252Fplugin.video.SportsDevil%252Fresources%252Fimages%252Froja.jpg&amp;mode=1&quot;,return)</action>
	</shortcut>
	<shortcut>
		<defaultID />
		<label>Hesgoals</label>
		<label2>Video add-on</label2>
		<icon>https://pbs.twimg.com/profile_images/683276682518634501/hZNaoa9r_400x400.png</icon>
		<thumb />
		<action>ActivateWindow(10025,&quot;plugin://plugin.video.arrakis/?description=No%20information%20available&amp;mode=get_hesgoal_games&amp;url=games&quot;,return)</action>
	</shortcut>
	<shortcut>
		<defaultID />
		<label>Sport-Streams.net</label>
		<label2>Video add-on</label2>
		<icon>http://www.logotypes101.com/logos/997/AD71A2CC84DD8DDE7932F9BC585926E1/Sports.png</icon>
		<thumb />
		<action>ActivateWindow(10025,&quot;plugin://plugin.video.arrakis/?description=No%20information%20available&amp;mode=Sport_Stream&amp;url=games&quot;,return)</action>
	</shortcut>
	<shortcut>
		<defaultID />
		<label>Torque Racing</label>
		<label2>Video add-on</label2>
		<icon>special://home/addons/plugin.video.torque2/icon.png</icon>
		<thumb />
		<action>ActivateWindow(10025,&quot;plugin://plugin.video.torque2&quot;,return)</action>
	</shortcut>
	<shortcut>
		<defaultID />
		<label>Sportowo</label>
		<label2>Video add-on</label2>
		<icon>special://home/addons/plugin.video.PLsportowo/icon.png</icon>
		<thumb />
		<action>ActivateWindow(10025,&quot;plugin://plugin.video.PLsportowo/&quot;,return)</action>
	</shortcut>
</shortcuts>