<?xml version='1.0' encoding='UTF-8'?>
<shortcuts>
	<shortcut>
		<defaultID />
		<label>Lijst 1[CR][I]By WoW[/I]</label>
		<label2>Video add-on</label2>
		<icon>special://skin/extras/icons/3d.png</icon>
		<thumb />
		<action>ActivateWindow(Videos,"plugin://plugin.video.ghost/?mode=get_list&amp;url=http%3a%2f%2fmercuryme.org%2fWOW%2f3D%2f3D.xml",return)</action>
	</shortcut>
	<shortcut>
		<defaultID />
		<label>Lijst 2[CR][I]By MagicDragon[/I]</label>
		<label2>Video add-on</label2>
		<icon>special://skin/extras/icons/3d.png</icon>
		<thumb />
		<action>ActivateWindow(Videos,"plugin://plugin.video.ghost/?mode=get_list&amp;url=https%3a%2f%2fraw.githubusercontent.com%2ftombebbs1%2fmagicdragon%2fmaster%2f3d.txt",return)</action>
	</shortcut>
</shortcuts>
