<?xml version='1.0' encoding='UTF-8'?>
<shortcuts>
	<shortcut>
		<defaultID />
		<label>Populair</label>
		<label2>Video add-on</label2>
		<icon>special://home/addons/plugin.video.menu5/logos/navigatie/18.png</icon>
		<thumb />
		<action>ActivateWindow(10025,&quot;plugin://plugin.video.fantasticc/?mode=1&amp;name=Popular%20Today&amp;url=https%3a%2f%2ffantasti.cc%2fvideos%2fpopular%2ftoday%2f&quot;,return)</action>
	</shortcut>
	<shortcut>
		<defaultID />
		<label>Tubes</label>
		<label2>Video add-on</label2>
		<icon>special://home/addons/plugin.video.menu5/logos/navigatie/18.png</icon>
		<thumb />
		<action>ActivateWindow(10025,&quot;plugin://plugin.video.videodevil/&quot;,return)</action>
	</shortcut>
	<shortcut>
		<defaultID />
		<label>Scenes</label>
		<label2>Video add-on</label2>
		<icon>special://home/addons/plugin.video.menu5/logos/navigatie/18.png</icon>
		<thumb />
		<action>ActivateWindow(10025,&quot;plugin://plugin.video.uwc/?channel=None&amp;keyword&amp;mode=1&amp;page&amp;section=None&amp;url&quot;,return)</action>
	</shortcut>
	<shortcut>
		<defaultID />
		<label>Films</label>
		<label2>Video add-on</label2>
		<icon>special://home/addons/plugin.video.menu5/logos/navigatie/18.png</icon>
		<thumb />
		<action>ActivateWindow(10025,&quot;plugin://plugin.video.uwc/?channel=None&amp;keyword&amp;mode=2&amp;page&amp;section=None&amp;url&quot;,return)</action>
	</shortcut>
	<shortcut>
		<defaultID />
		<label>Webcams &amp; Streams</label>
		<label2>Video add-on</label2>
		<icon>special://home/addons/plugin.video.menu5/logos/navigatie/18.png</icon>
		<thumb />
		<action>ActivateWindow(10025,&quot;plugin://plugin.video.uwc/?channel=None&amp;keyword&amp;mode=7&amp;page&amp;section=None&amp;url&quot;,return)</action>
	</shortcut>
	<shortcut>
		<defaultID />
		<label>Hentai</label>
		<label2>Video add-on</label2>
		<icon>special://home/addons/plugin.video.menu5/logos/navigatie/18.png</icon>
		<thumb />
		<action>ActivateWindow(10025,&quot;plugin://plugin.video.uwc/?channel=None&amp;keyword&amp;mode=3&amp;page&amp;section=None&amp;url&quot;,return)</action>
	</shortcut>
	<shortcut>
		<defaultID />
		<label>Zoeken</label>
		<label2>Video add-on</label2>
		<icon>special://home/addons/plugin.video.menu5/logos/navigatie/18.png</icon>
		<thumb />
		<action>ActivateWindow(10025,&quot;plugin://plugin.video.fantasticc/?mode=5&amp;name=Search&amp;url=https%3a%2f%2ffantasti.cc%2f&quot;,return)</action>
	</shortcut>
</shortcuts>
