<?xml version='1.0' encoding='UTF-8'?>
<shortcuts>
	<shortcut>
		<defaultID />
		<label>Ziggo Sport</label>
		<label2>Video add-on</label2>
		<icon>special://home/addons/plugin.video.zigosport/icon.png</icon>
		<thumb />
		<action>ActivateWindow(10025,&quot;plugin://plugin.video.zigosport/&quot;,return)</action>
	</shortcut>
	<shortcut>
		<defaultID />
		<label>Fox Sports</label>
		<label2>Video add-on</label2>
		<icon>special://home/addons/plugin.video.eredivisie-live/icon.png</icon>
		<thumb />
		<action>ActivateWindow(10025,&quot;plugin://plugin.video.eredivisie-live/&quot;,return)</action>
	</shortcut>
	<shortcut>
		<defaultID />
		<label>NOS Sports</label>
		<label2>Video add-on</label2>
		<icon>https://pbs.twimg.com/profile_images/1039030398104358912/Y5XYix5l_400x400.jpg</icon>
		<thumb />
		<action>ActivateWindow(10025,&quot;plugin://plugin.video.retrospect/?action=listfolder&amp;channel=channel.nos.nosnl-nosnl&amp;pickle=EE33E7EC-FDAB-11E0-AA09-1EED4724019B--96FAA3E6C45BB5A07BCC0BCD3BE37654F0ECFBF19FD6F38B076C87216E64B56E&quot;,return)</action>
	</shortcut>
	<shortcut>
		<defaultID />
		<label>Europa League</label>
		<label2>Video add-on</label2>
		<icon>https://is4-ssl.mzstatic.com/image/thumb/Purple113/v4/91/9c/9a/919c9aed-a518-53c3-d10d-4af9f2a32f97/AppIcon-0-0-1x_U007emarketing-0-0-0-5-0-0-sRGB-0-0-0-GLES2_U002c0-512MB-85-220-0-0.png/246x0w.png</icon>
		<thumb />
		<action>ActivateWindow(10025,&quot;plugin://plugin.video.retrospect/?action=listfolder&amp;channel=channel.rtlnl.rtl&amp;pickle=016441CED263F1753CAA6CEC2165F368D41D8CD98F00B204E9800998ECF8427E--90A8473AC252DA9FC9A69696C10AD1775CE87556BA4D0E35F972926F312AA9D7&quot;,return)</action>
	</shortcut>
	<shortcut>
		<defaultID />
		<label>Champions League</label>
		<label2>Video add-on</label2>
		<icon>https://www.shownieuws.nl/wp-content/uploads/sites/2/2018/05/championsleague.jpg</icon>
		<thumb />
		<action>ActivateWindow(10025,&quot;plugin://plugin.video.retrospect/?action=listfolder&amp;channel=channel.sbsnl.kijknl&amp;pickle=016441CED263F1753CAA6CEC2165F368D41D8CD98F00B204E9800998ECF8427E--2BEBB389E6E3EEC1AFF94832B6626DF58372318CDA823D68D841B9ED5A346F59&quot;,return)</action>
	</shortcut>
	<shortcut>
		<defaultID />
		<label>Voetbal Inside</label>
		<label2>Video add-on</label2>
		<icon>https://www.pinkstudio.nl/site/wp-content/uploads/2018/09/blog-.jpg</icon>
		<thumb />
		<action>ActivateWindow(10025,&quot;plugin://plugin.video.retrospect/?action=listfolder&amp;channel=channel.sbsnl.kijknl&amp;pickle=2184841EBCE504A3235AA4B1FF6F1EC0D41D8CD98F00B204E9800998ECF8427E--C97D13EC3E5D04D430BE5D798469E7796A0A4C4920D4EBB70CA746F3EDF878DD&quot;,return)</action>
	</shortcut>
	<shortcut>
		<defaultID />
		<label>UFC</label>
		<label2>Video add-on</label2>
		<icon>https://pngimg.com/uploads/ufc/ufc_PNG62.png</icon>
		<thumb />
		<action>ActivateWindow(10025,&quot;plugin://plugin.video.retrospect/?action=listfolder&amp;channel=channel.sbsnl.kijknl&amp;pickle=016441CED263F1753CAA6CEC2165F368D41D8CD98F00B204E9800998ECF8427E--E9E81C0CD366D964713890108249EB0ACE2249FE158EA8D879E69235939A61DA&quot;,return)</action>
	</shortcut>
</shortcuts>