<?xml version='1.0' encoding='UTF-8'?>
<shortcuts>
	<shortcut>
		<defaultID />
		<label>Lijst 1[CR][I]By Ghost[/I]</label>
		<label2>Video add-on</label2>
		<icon>special://skin/extras/icons/video-addons.png</icon>
		<thumb />
		<action>ActivateWindow(Videos,"plugin://plugin.video.ghost/?mode=get_list&amp;url=http%3a%2f%2fwww.ezzer-mac.com%2ffrank%2fghost%2fghostxmls%2fwardocu.xml",return)</action>
	</shortcut>
	<shortcut>
		<defaultID />
		<label>Lijst 2[CR][I]By WoW[/I]</label>
		<label2>Video add-on</label2>
		<icon>special://skin/extras/icons/video-addons.png</icon>
		<thumb />
		<action>ActivateWindow(Videos,"plugin://plugin.video.ghost/?mode=get_list&amp;url=http%3a%2f%2fwww.ezzer-mac.com%2fAddon%2ftext%2f1clickcat%2fdocscat%2fdoccatlist.xml",return)</action>
	</shortcut>
	<shortcut>
		<defaultID />
		<label>Lijst 3[CR][I]By Nymeria[/I]</label>
		<label2>Video add-on</label2>
		<icon>special://skin/extras/icons/video-addons.png</icon>
		<thumb />
		<action>ActivateWindow(Videos,"plugin://plugin.video.ghost/?mode=get_list&amp;url=http%3a%2f%2fwww.ezzer-mac.com%2fEzzerman%2fNel%2fnymeria1%2ftext%2fsubmenudocs.xml",return)</action>
	</shortcut>
	<shortcut>
		<defaultID />
		<label>Lijst 4[CR][I]By Grindhouse[/I]</label>
		<label2>Video add-on</label2>
		<icon>special://skin/extras/icons/video-addons.png</icon>
		<thumb />
		<action>ActivateWindow(Videos,"plugin://plugin.video.ghost/?mode=get_list&amp;url=http%3a%2f%2fgrindhousekodi.tk%2fgrindhouse%2fodds%2fdocs.xml",return)</action>
	</shortcut>
	<shortcut>
		<defaultID />
		<label>Lijst 5[CR][I]By MercurMe[/I]</label>
		<label2>Video add-on</label2>
		<icon>special://skin/extras/icons/video-addons.png</icon>
		<thumb />
		<action>ActivateWindow(Videos,"plugin://plugin.video.ghost/?mode=get_list&amp;url=http%3a%2f%2fmercuryme.org%2fWORLD%2fDocs%2fdocs.xml",return)</action>
	</shortcut>
	<shortcut>
		<defaultID />
		<label>Lijst 6[CR][I]By MercurMe[/I]</label>
		<label2>Video add-on</label2>
		<icon>special://skin/extras/icons/video-addons.png</icon>
		<thumb />
		<action>ActivateWindow(Videos,"plugin://plugin.video.ghost/?mode=get_list&amp;url=http%3a%2f%2fmercuryme.org%2fmysterious%2fxmls%2fdocs%2fdocs.xml",return)</action>
	</shortcut>
	<shortcut>
		<defaultID />
		<label>Lijst 7[CR][I]By Mad Titan[/I]</label>
		<label2>Video add-on</label2>
		<icon>special://skin/extras/icons/video-addons.png</icon>
		<thumb />
		<action>ActivateWindow(Videos,"plugin://plugin.video.ghost/?mode=get_list&amp;url=https%3a%2f%2fmagnetic.website%2fMad%2520Titan%2fdocs.xml",return)</action>
	</shortcut>
	<shortcut>
		<defaultID />
		<label>Lijst 8[CR][I]By Chain Reaction[/I]</label>
		<label2>Video add-on</label2>
		<icon>special://skin/extras/icons/video-addons.png</icon>
		<thumb />
		<action>ActivateWindow(Videos,"plugin://plugin.video.ghost/?mode=get_list&amp;url=http%3a%2f%2fmyatom.one%2fbroken%2520chains%2fdocumentarys%2frd_docs.txt",return)</action>
	</shortcut>
	<shortcut>
		<defaultID />
		<label>Lijst 9[CR][I]By HazMat[/I]</label>
		<label2>Video add-on</label2>
		<icon>special://skin/extras/icons/video-addons.png</icon>
		<thumb />
		<action>ActivateWindow(Videos,"plugin://plugin.video.ghost/?mode=get_list&amp;url=http%3a%2f%2fwww.hazmatcorner.com%2fchains%2fdocs.txt",return)</action>
	</shortcut>
	<shortcut>
		<defaultID />
		<label>Lijst 10[CR][I]By Magic Dragon[/I]</label>
		<label2>Video add-on</label2>
		<icon>special://skin/extras/icons/video-addons.png</icon>
		<thumb />
		<action>ActivateWindow(Videos,"plugin://plugin.video.ghost/?mode=get_list&amp;url=https%3a%2f%2fraw.githubusercontent.com%2ftombebbs1%2fmagicdragon%2fmaster%2fdocumentaries.txt",return)</action>
	</shortcut>
</shortcuts>
