<?xml version='1.0' encoding='UTF-8'?>
<shortcuts>
	<shortcut>
		<defaultID />
		<label>Lijst 1[CR][I]By Ghost[/I]</label>
		<label2>Video add-on</label2>
		<icon>special://skin/extras/icons/hd.png</icon>
		<thumb />
		<action>ActivateWindow(Videos,"plugin://plugin.video.ghost/?mode=get_list&amp;url=http%3A%2F%2Fwww.ezzer-mac.com%2Ffrank%2Fghost%2Fghostxmls%2Fxmls1%2Findexers.xml",return)</action>
	</shortcut>
	<shortcut>
		<defaultID />
		<label>Lijst 2[CR][I]By Mad Titan[/I]</label>
		<label2>Video add-on</label2>
		<icon>special://skin/extras/icons/hd.png</icon>
		<thumb />
		<action>ActivateWindow(Videos,"plugin://plugin.video.ghost/?mode=get_list&amp;url=https%3a%2f%2fmagnetic.website%2fMad%2520Titan%2fmovies%2520by%2520year.xml",return)</action>
	</shortcut>
	<shortcut>
		<defaultID />
		<label>Lijst 3[CR][I]By Nymeria[/I]</label>
		<label2>Video add-on</label2>
		<icon>special://skin/extras/icons/hd.png</icon>
		<thumb />
		<action>ActivateWindow(Videos,"plugin://plugin.video.ghost/?mode=get_list&amp;url=http%3a%2f%2fwww.ezzer-mac.com%2fEzzerman%2fNel%2fnymeria1%2ftext%2fRealDebrid.xml",return)</action>
	</shortcut>
	<shortcut>
		<defaultID />
		<label>Lijst 4[CR][I]By Grindhouse[/I][CR][COLOR gray]-oude films-[/COLOR]</label>
		<label2>Video add-on</label2>
		<icon>special://skin/extras/icons/hd.png</icon>
		<thumb />
		<action>ActivateWindow(Videos,"plugin://plugin.video.ghost/?mode=get_list&amp;url=http%3a%2f%2fgrindhousekodi.tk%2fgrindhouse%2fodds%2foddsmovies.xml",return)</action>
	</shortcut>
	<shortcut>
		<defaultID />
		<label>Lijst 5[CR][I]By Maverick[/I]</label>
		<label2>Video add-on</label2>
		<icon>special://skin/extras/icons/hd.png</icon>
		<thumb />
		<action>ActivateWindow(Videos,"plugin://plugin.video.ghost/?mode=get_list&amp;url=https%3a%2f%2fpastebin.com%2fraw%2fAXP5Sj66",return)</action>
	</shortcut>
	<shortcut>
		<defaultID />
		<label>Lijst 6[CR][I]By ChainReaction[/I]</label>
		<label2>Video add-on</label2>
		<icon>special://skin/extras/icons/hd.png</icon>
		<thumb />
		<action>ActivateWindow(Videos,"plugin://plugin.video.ghost/?mode=get_list&amp;url=http%3a%2f%2fmyatom.one%2fbroken%2520chains%2fMOVIES%2fNEW%2520RELEASES.txt",return)</action>
	</shortcut>
	<shortcut>
		<defaultID />
		<label>Lijst 7[CR][I]By MagicDragon[/I]</label>
		<label2>Video add-on</label2>
		<icon>special://skin/extras/icons/hd.png</icon>
		<thumb />
		<action>ActivateWindow(Videos,"plugin://plugin.video.ghost/?mode=get_list&amp;url=https%3a%2f%2fraw.githubusercontent.com%2ftombebbs1%2fmagicdragon%2fmaster%2fnr2.txt",return)</action>
	</shortcut>
</shortcuts>
