<?xml version='1.0' encoding='UTF-8'?>
<shortcuts>
	<shortcut>
		<defaultID />
		<label>Lijst 1[CR][I]By Ghost[/I]</label>
		<label2>Video add-on</label2>
		<icon>special://skin/extras/icons/4k.png</icon>
		<thumb />
		<action>ActivateWindow(Videos,"plugin://plugin.video.ghost/?mode=get_list&amp;url=http%3a%2f%2fwww.ezzer-mac.com%2ffrank%2fghost%2fghostxmls%2fxmls1%2ffuckoff.xml",return)</action>
	</shortcut>
	<shortcut>
		<defaultID />
		<label>Lijst 2[CR][I]By Mad Titan[/I]</label>
		<label2>Video add-on</label2>
		<icon>special://skin/extras/icons/4k.png</icon>
		<thumb />
		<action>ActivateWindow(Videos,"plugin://plugin.video.ghost/?mode=get_list&amp;url=http%3a%2f%2fmagnetic.website%2fMad%2520Titan%2ftitan%25204k%2520movies.xml",return)</action>
	</shortcut>
	<shortcut>
		<defaultID />
		<label>Lijst 3[CR][I]By ChainReaction[/I]</label>
		<label2>Video add-on</label2>
		<icon>special://skin/extras/icons/4k.png</icon>
		<thumb />
		<action>ActivateWindow(Videos,"plugin://plugin.video.ghost/?mode=get_list&amp;url=http%3a%2f%2fmyatom.one%2fbroken%2520chains%2fMOVIES%2f4K%2520MOVIES.txt",return)</action>
	</shortcut>
	<shortcut>
		<defaultID />
		<label>Lijst 4[CR][I]By Narcacist[/I]</label>
		<label2>Video add-on</label2>
		<icon>special://skin/extras/icons/4k.png</icon>
		<thumb />
		<action>ActivateWindow(Videos,"plugin://plugin.video.ghost/?mode=get_list&amp;url=https%3a%2f%2fnarcacist.com%2fAddon%2ftext%2frd%2f4k.xml",return)</action>
	</shortcut>
	<shortcut>
		<defaultID />
		<label>Lijst 5[CR][I]By Maverick[/I]</label>
		<label2>Video add-on</label2>
		<icon>special://skin/extras/icons/4k.png</icon>
		<thumb />
		<action>ActivateWindow(Videos,"plugin://plugin.video.ghost/?mode=get_list&amp;url=https%3a%2f%2fpastebin.com%2fraw%2fVv23w18G",return)</action>
	</shortcut>
	<shortcut>
		<defaultID />
		<label>Lijst 6[CR][I]By Base[/I]</label>
		<label2>Video add-on</label2>
		<icon>special://skin/extras/icons/4k.png</icon>
		<thumb />
		<action>ActivateWindow(Videos,"plugin://plugin.video.ghost/?mode=get_list&amp;url=https%3a%2f%2fpastebin.com%2fraw%2fJeJePMtM",return)</action>
	</shortcut>
	<shortcut>
		<defaultID />
		<label>Lijst 7[CR][I]By MagicDragon[/I]</label>
		<label2>Video add-on</label2>
		<icon>special://skin/extras/icons/4k.png</icon>
		<thumb />
		<action>ActivateWindow(Videos,"plugin://plugin.video.ghost/?mode=get_list&amp;url=https%3a%2f%2fraw.githubusercontent.com%2ftombebbs1%2fmagicdragon%2fmaster%2fuhd.txt",return)</action>
	</shortcut>
</shortcuts>
