<?xml version='1.0' encoding='UTF-8'?>
<shortcuts>
	<shortcut>
		<defaultID />
		<label>SwiftStreams</label>
		<label2>Video add-on</label2>
		<icon>https://doubleuptv.com/logo/swiftpng.png</icon>
		<thumb />
		<action>ActivateWindow(10025,&quot;plugin://plugin.video.thecrew/?action=swiftNavigator&quot;,return)</action>
	</shortcut>
	<shortcut>
		<defaultID />
		<label>SwiftStreams Films &amp; More</label>
		<label2>Video add-on</label2>
		<icon>https://2.bp.blogspot.com/-bwljuo0u9u4/WfH0qzRiRXI/AAAAAAAAGAY/sMfZeqSZdS03_3znKaMus-KG3fKh1pW9QCLcBGAs/s200/com.swift.stream.png</icon>
		<thumb />
		<action>ActivateWindow(10025,&quot;plugin://plugin.video.ghost/?&amp;mode=get_list&amp;url=http%3a%2f%2fwww.ezzer-mac.com%2ffrank%2fghost%2fghostxmls%2fxmls1%2flivetv1.xml&quot;,return)</action>
	</shortcut>
	<shortcut>
		<defaultID />
		<label>TV Tap</label>
		<label2>Video add-on</label2>
		<icon>https://i.pinimg.com/originals/9e/8e/74/9e8e74972d55392b203b1b15a6648d8c.png</icon>
		<thumb />
		<action>ActivateWindow(10025,&quot;plugin://script.module.limitless-tvtap/&quot;,return)</action>
	</shortcut>
	<shortcut>
		<defaultID />
		<label>StirR [CR][I][COLOR grey]Om terug te keren, dubbel op "terug" drukken[/I][/COLOR] </label>
		<label2>Video add-on</label2>
		<icon>https://upload.wikimedia.org/wikipedia/en/f/f9/Stirr_logo%2C_black_on_yellow.jpg</icon>
		<thumb />
		<action>ActivateWindow(10025,&quot;plugin://plugin.video.ghost/?mode=get_sources&amp;url=%3Cplugin%3E%0A++%3Cname%3E%5BCOLOR+FFffffffff%5D%5BCOLORwhite%5DSTIRR+TV%5B%2FCOLOR%5D%5B%2FCOLOR%5D%3C%2Fname%3E%0A++%3Clink%3Eplugin%3A%2F%2Fplugin.video.live.streamspro%2F%3Fmode%3D1%26url%3Dhttps%3A%2F%2Fraw.githubusercontent.com%2Fgeonsey%2FFree2ViewTV%2Fmaster%2FStirrTV.m3u%3C%2Flink%3E%0A&quot;,return)</action>
	</shortcut>
	<shortcut>
		<defaultID />
		<label>FilmON</label>
		<label2>Video add-on</label2>
		<icon>https://w7.pngwing.com/pngs/454/376/png-transparent-roku-filmon-live-television-video-on-demand-others.png</icon>
		<thumb />
		<action>ActivateWindow(10025,&quot;plugin://plugin.video.ccloudtv/?iconimage=&amp;mode=20&amp;url=filmon&quot;,return)</action>
	</shortcut>
	<shortcut>
		<defaultID />
		<label>Stratus</label>
		<label2>Video add-on</label2>
		<icon>https://pbs.twimg.com/media/DrKkLcQWkAEkcog.png</icon>
		<thumb />
		<action>ActivateWindow(10025,&quot;plugin://plugin.video.thecrew/?action=stratusNavigator&quot;,return)</action>
	</shortcut>
	<shortcut>
		<defaultID />
		<label>IPTV.ORG</label>
		<label2>Video add-on</label2>
		<icon>special://home/addons/plugin.video.menu5/logos/color/iptv.png</icon>
		<thumb />
		<action>ActivateWindow(10025,&quot;plugin://plugin.video.thecrew/?action=gitNavigator&quot;,return)</action>
	</shortcut>
	<shortcut>
		<defaultID />
		<label>CCloudtv</label>
		<label2>Video add-on</label2>
		<icon>https://raw.githubusercontent.com/coder-alpha/CcloudTv.bundle/master/Contents/Resources/icon-ccloudtv-main.png</icon>
		<thumb />
		<action>ActivateWindow(10025,&quot;plugin://plugin.video.ccloudtv/?content_type=video&quot;,return)</action>
	</shortcut>
</shortcuts>