<?xml version='1.0' encoding='UTF-8'?>
<shortcuts>
	<shortcut>
		<defaultID />
		<label>Lijst 1[CR][I]By Nymeria[/I]</label>
		<label2>Video add-on</label2>
		<icon>special://skin/extras/icons/shipping.png</icon>
		<thumb />
		<action>ActivateWindow(Videos,"plugin://plugin.video.ghost/?mode=get_list&amp;url=http%3a%2f%2fwww.ezzer-mac.com%2fEzzerman%2fNel%2fnymeria1%2ftext%2f1clicktvnew.xml",return)</action>
	</shortcut>
	<shortcut>
		<defaultID />
		<label>Lijst 2[CR][I]By Devastation[/I]</label>
		<label2>Video add-on</label2>
		<icon>special://skin/extras/icons/shipping.png</icon>
		<thumb />
		<action>ActivateWindow(Videos,"plugin://plugin.video.ghost/?mode=get_list&amp;url=https%3a%2f%2fpastebin.com%2fraw%2fwA8Bv4gc",return)</action>
	</shortcut>
	<shortcut>
		<defaultID />
		<label>Lijst 3[CR][I]By Mad Titan[/I]</label>
		<label2>Video add-on</label2>
		<icon>special://skin/extras/icons/shipping.png</icon>
		<thumb />
		<action>ActivateWindow(Videos,"plugin://plugin.video.ghost/?mode=get_list&amp;url=http%3a%2f%2fmagnetic.website%2fMad%2520Titan%2f1-Click%2520Tv%2520Shows.xml",return)</action>
	</shortcut>
	<shortcut>
		<defaultID />
		<label>Lijst 4[CR][I]By Grindhouse[/I][CR][COLOR gray]-oude series-[/COLOR]</label>
		<label2>Video add-on</label2>
		<icon>special://skin/extras/icons/shipping.png</icon>
		<thumb />
		<action>ActivateWindow(Videos,"plugin://plugin.video.ghost/?mode=get_list&amp;url=http%3a%2f%2fgrindhousekodi.tk%2fgrindhouse%2fodds%2foddstv.xml",return)</action>
	</shortcut>
	<shortcut>
		<defaultID />
		<label>Lijst 5[CR][I]By ChainReaction[/I]</label>
		<label2>Video add-on</label2>
		<icon>special://skin/extras/icons/4k.png</icon>
		<thumb />
		<action>ActivateWindow(Videos,"plugin://plugin.video.ghost/?mode=get_list&amp;url=http%3a%2f%2fwww.hazmatcorner.com%2fchains%2ftv.txt",return)</action>
	</shortcut>
	<shortcut>
		<defaultID />
		<label>Lijst 6[CR][I]By Narcacist[/I]</label>
		<label2>Video add-on</label2>
		<icon>special://skin/extras/icons/4k.png</icon>
		<thumb />
		<action>ActivateWindow(Videos,"plugin://plugin.video.ghost/?mode=get_list&amp;url=https%3a%2f%2fnarcacist.com%2fAddon%2ftext%2frd%2f4ktv.xml",return)</action>
	</shortcut>
	<shortcut>
		<defaultID />
		<label>La Casa de Papal[CR][I]Special[/I]</label>
		<label2>Video add-on</label2>
		<icon>special://skin/extras/icons/hd.png</icon>
		<thumb />
		<action>ActivateWindow(Videos,"plugin://plugin.video.ghost/?mode=get_list&amp;url=http%3a%2f%2fwww.ezzer-mac.com%2ffrank%2fghost%2fghostxmls%2fxmls1%2flacasa.xml",return)</action>
	</shortcut>
</shortcuts>
