<?xml version='1.0' encoding='UTF-8'?>
<shortcuts>
	<shortcut>
		<defaultID />
		<label>Rising Tides PPV Events</label>
		<label2>Video add-on</label2>
		<icon>https://i2.wp.com/peopleoflancaster.com/wp-content/uploads/2015/10/PPV-Logo-Final.png</icon>
		<thumb />
		<action>ActivateWindow(Videos,&quot;plugin://plugin.video.Rising.Tides/?fanart=https%3a%2f%2fcleeng.com%2fblog%2fwp-content%2fuploads%2f2017%2f02%2fLive-PPV-piracy-e1487848574731.jpg&amp;iconimage=https%3a%2f%2fi.imgur.com%2fXcIr4P6.png&amp;mode=1&amp;name=%5bCOLOR%20pink%5d%5bB%5dL%5b%2fB%5d%5b%2fCOLOR%5d%5bCOLOR%20white%5d%5bB%5dive%5b%2fB%5d%5b%2fCOLOR%5d%20%5bCOLOR%20red%5d%5bB%5dP%5b%2fB%5d%5b%2fCOLOR%5d%5bCOLOR%20white%5d%5bB%5dPV%5b%2fB%5d%5b%2fCOLOR%5d%20%5bCOLOR%20pink%5d%5bB%5dE%5b%2fB%5d%5b%2fCOLOR%5d%5bCOLOR%20white%5d%5bB%5dvents%5b%2fB%5d%5b%2fCOLOR%5d&amp;url=http%3a%2f%2fbit.ly%2fPPVXMLZ&quot;,return)</action>
	</shortcut>
	<shortcut>
		<defaultID />
		<label>FightClub [CR][I][COLOR grey]Pin verkrijgen via pinsystem.co.uk en op -generate a pin- klikken[/I][/COLOR]</label>
		<label2>Video add-on</label2>
		<icon>http://raw.githubusercontent.com/nemesis668/repository.streamarmy/master/zips/plugin.video.FightClub/icon.png</icon>
		<thumb />
		<action>ActivateWindow(Videos,&quot;plugin://plugin.video.FightClub&quot;,return)</action>
	</shortcut>
	<shortcut>
		<defaultID />
		<label>Maverick Fight Events Replays</label>
		<label2>Video add-on</label2>
		<icon>https://i.imgur.com/QxEmWD9.jpg</icon>
		<thumb />
		<action>ActivateWindow(Videos,"plugin://plugin.video.ghost/?mode=get_list&amp;url=https%3a%2f%2fpastebin.com%2fraw%2fymNGr2qW&quot;,return)</action>
	</shortcut>
	<shortcut>
		<defaultID />
		<label>Chains WWE Shows</label>
		<label2>Video add-on</label2>
		<icon>https://i.imgur.com/NHdzj8y.png</icon>
		<thumb />
		<action>ActivateWindow(Videos,&quot;plugin://plugin.video.ghost/?mode=get_list&amp;url=http%3a%2f%2fmyatom.one%2fbroken%2520chains%2fWWE%2fWWE%2520MAIN.txt&quot;,return)</action>
	</shortcut>
	<shortcut>
		<defaultID />
		<label>Ghost UFC Replays</label>
		<label2>Video add-on</label2>
		<icon>http://www.ezzer-mac.com/frank/artghost/ufcc.png</icon>
		<thumb />
		<action>ActivateWindow(Videos,&quot;plugin://plugin.video.ghost/?mode=get_list&amp;url=http%3a%2f%2fwww.ezzer-mac.com%2ffrank%2fghost%2fghostxmls%2fxmls1%2fufc.xml&quot;,return)</action>
	</shortcut>
	<shortcut>
		<defaultID />
		<label>SBS UFC Replays</label>
		<label2>Video add-on</label2>
		<icon>https://pngimg.com/uploads/ufc/ufc_PNG62.png</icon>
		<thumb />
		<action>ActivateWindow(Videos,&quot;plugin://plugin.video.retrospect/?action=listfolder&amp;channel=channel.sbsnl.kijknl&amp;pickle=016441CED263F1753CAA6CEC2165F368D41D8CD98F00B204E9800998ECF8427E--E9E81C0CD366D964713890108249EB0ACE2249FE158EA8D879E69235939A61DA&quot;,return)</action>
	</shortcut>
	<shortcut>
		<defaultID />
		<label>Female Mud Wrestling</label>
		<label2>Video add-on</label2>
		<icon>https://mudwrestling-budapest.com/img/mud-bg2.jpg</icon>
		<thumb />
		<action>ActivateWindow(Videos,&quot;plugin://plugin.video.youtube/kodion/search/query/?amp%3bsearch_type=video%22%2creturn)&amp;q=MudWrestling%20Female&quot;,return)</action>
	</shortcut>
</shortcuts>