<?xml version='1.0' encoding='UTF-8'?>
<shortcuts>
	<shortcut>
		<defaultID />
		<label>SwiftStream &amp; World IPTV Sports</label>
		<label2>Video add-on</label2>
		<icon>http://swiftstreamz.com/SwiftPanel/images/53021_sports.jpg</icon>
		<thumb />
		<action>ActivateWindow(Videos,"plugin://plugin.video.ghost/?mode=get_list&amp;url=http%3a%2f%2fwww.ezzer-mac.com%2ffrank%2fghost%2fghostxmls%2fxmls1%2fsportsmodules.xml&quot;,return)</action>
	</shortcut>
	<shortcut>
		<defaultID />
		<label>Rising Tides Sport</label>
		<label2>Video add-on</label2>
		<icon>special://home/addons/plugin.video.Rising.Tides/icon.png</icon>
		<thumb />
		<action>ActivateWindow(10025,&quot;plugin://plugin.video.Rising.Tides/?fanart=http%3a%2f%2fmullafabz.xyz%2fHOST%2fIcons%2fpromo.jpg&amp;iconimage=http%3a%2f%2fmullafabz.xyz%2fHOST%2fIcons%2fLive-Sport-Channel-TV.jpg&amp;mode=1&amp;name=%5bCOLOR%20pink%5d%5bB%5dS%5b%2fB%5d%5b%2fCOLOR%5d%5bCOLOR%20white%5d%5bB%5dports%5b%2fB%5d%5b%2fCOLOR%5d%20%5bCOLOR%20red%5d%5bB%5dC%5b%2fB%5d%5b%2fCOLOR%5d%5bCOLOR%20white%5d%5bB%5dhannels%5b%2fB%5d%5b%2fCOLOR%5d&amp;url=http%3a%2f%2fbit.ly%2fSPORTZZ&quot;,return)</action>
	</shortcut>
	<shortcut>
		<defaultID />
		<label>TV Tap Sports [CR][I][COLOR grey]Selecteer in het volgende menu -Sports-[/I][/COLOR]</label>
		<label2>Video add-on</label2>
		<icon>https://olatv.me/wp-content/uploads/2019/06/tvtap.png</icon>
		<thumb />
		<action>ActivateWindow(10025,&quot;plugin://script.module.limitless-tvtap/&quot;,return)</action>
	</shortcut>
	<shortcut>
		<defaultID />
		<label>Mercurme Sports</label>
		<label2>Video add-on</label2>
		<icon>https://pbs.twimg.com/profile_images/683276682518634501/hZNaoa9r_400x400.png</icon>
		<thumb />
		<action>ActivateWindow(Videos,"plugin://plugin.video.ghost/?mode=get_list&amp;url=https%3a%2f%2fmercuryme.org%2fDSlive%2fsports.xml&quot;,return)</action>
	</shortcut>
</shortcuts>