<favourites>
	<favourite name="GameKings" thumb="special://home/addons/plugin.video.menu/logos/navigatie/gamekings.png">ActivateWindow(10025,&quot;plugin://plugin.video.gamekings/&quot;,return)</favourite>
	<favourite name="Dumpert" thumb="special://home/addons/plugin.video.menu/logos/navigatie/dumpert.png">ActivateWindow(10025,&quot;plugin://plugin.video.dumpert/&quot;,return)</favourite>
	<favourite name="Power Unlimited" thumb="special://home/addons/plugin.video.menu/logos/navigatie/pu.png">ActivateWindow(10025,&quot;plugin://plugin.video.powerunlimited/&quot;,return)</favourite>
	<favourite name="KUD" thumb="special://home/addons/plugin.video.menu/logos/navigatie/kudtv.png">ActivateWindow(10025,&quot;plugin://plugin.video.youtube/user/Swantonboy/&quot;,return)</favourite>
	<favourite name="Zondag met Lubach" thumb="https://yt3.ggpht.com/a-/AN66SAwhX3dGDWjSrL574KRFr-cAA03FV9itK80B_A=s288-mo-c-c0xffffffff-rj-k-no">ActivateWindow(10025,&quot;plugin://plugin.video.youtube/channel/UCdH_8mNJ9vzpHwMNwlz88Zw/?page=0&quot;,return)</favourite>
    <favourite name="Stuk.TV" thumb="special://home/addons/plugin.video.menu/logos/navigatie/stuktv.png">ActivateWindow(10025,&quot;plugin://plugin.video.youtube/user/StukTV/&quot;,return)</favourite>
	<favourite name="Sluipschutters" thumb="https://yt3.ggpht.com/a-/AN66SAwJEQJyBBf1WqCetaQ1apnPISdy656nb8Hj4A=s176-c-k-c0x00ffffff-no-rj-mo">ActivateWindow(10025,&quot;plugin://plugin.video.youtube/channel/UCzMKehR5UTMx4BbHX8k7Anw/?page=0&quot;,return)</favourite>
	<favourite name="Jiskefet" thumb="special://home/addons/plugin.video.menu/logos/navigatie/jiskefet.png">ActivateWindow(10025,&quot;plugin://plugin.video.youtube/user/MichielRomeyn/&quot;,return)</favourite>
	<favourite name="Komt een man bij de dokter" thumb="https://yt3.ggpht.com/a-/AN66SAxo0lGNSxzRf5p58vkn_UwimV3Jw0WXnATY=s176-c-k-c0x00ffffff-no-rj-mo">ActivateWindow(10025,&quot;plugin://plugin.video.youtube/user/komteenman/&quot;,return)</favourite>
	<favourite name="MTV Rewind" thumb="https://yt3.ggpht.com/a-/AN66SAxNw0trsYf29feJNYrfw24dSIeTDrOCkVIjRA=s176-c-k-c0x00ffffff-no-rj-mo">ActivateWindow(10025,&quot;plugin://plugin.video.youtube/channel/UCjnfXh2I3u0GAAHHrPe_PKw/?page=0&quot;,return)</favourite>
	<favourite name="Alpacas" thumb="https://yt3.ggpht.com/a-/AN66SAzq8APCZfPGZiQ0oEBUwxJ_5z5Cs614sy2PuQ=s176-c-k-c0x00ffffff-no-rj-mo">ActivateWindow(10025,&quot;plugin://plugin.video.youtube/channel/UC9aN-21i8MdJSHI_oFXK5qA/?page=0&quot;,return)</favourite>
	<favourite name="Utopia" thumb="https://yt3.ggpht.com/a-/AN66SAwDg6yjcy4sMPUsbDSB8a0KIWiKdA6oSo7mkA=s288-mo-c-c0xffffffff-rj-k-no">ActivateWindow(10025,&quot;plugin://plugin.video.youtube/user/utopianl/&quot;,return)</favourite>
 </favourites>