<favourites>
	<favourite name="Netflix" thumb="special://home/addons/plugin.video.menu5/logos/color/netflix.png">ActivateWindow(10025,&quot;plugin://plugin.video.netflix/&quot;,return)</favourite>
	<favourite name="Disney+" thumb="special://home/addons/plugin.video.menu5/logos/color/disney+.png">ActivateWindow(10025,&quot;plugin://slyguy.disney.plus/&quot;,return)</favourite>
	<favourite name="Prime Video" thumb="special://home/addons/plugin.video.menu5/logos/color/prime.png">ActivateWindow(10025,&quot;plugin://plugin.video.amazon-test/&quot;,return)</favourite>
	<favourite name="Discovery+" thumb="special://home/addons/plugin.video.discoveryplus/resources/icon.png">ActivateWindow(10025,&quot;plugin://plugin.video.discoveryplus/&quot;,return)</favourite>
</favourites>