<?xml version="1.0" encoding="utf-8"?>
<window type="dialog">
	<defaultcontrol always="false">4001</defaultcontrol>
	<coordinates>
		<system>1</system>
		<posx>0</posx>
		<posy>0</posy>
	</coordinates>

    <controls>

        <control type="image">
            <posx>150</posx>
            <posy>100</posy>
            <width>1010</width>
            <height>510</height>
            <texture>note background.png</texture>
        </control>


        <control type="image" id="4000">
            <posx>160</posx>
            <posy>120</posy>
            <width>243</width>
            <height>90</height>
            <texture>zatrixlogo.png</texture>
            <aspectratio>keep</aspectratio>
			<visible>true</visible>
        </control>

		<control type="textbox" id="20301">
            <description>note header</description>
            <posx>427</posx>
            <posy>120</posy>
            <width>686</width>
            <height>50</height>
            <textcolor>ffffffff</textcolor>
            <font>font13</font>
			<align>center</align>
            <aligny>top</aligny>
        </control>

		<control type="textbox" id="20302">
            <description>notification</description>
            <posx>427</posx>
            <posy>150</posy>
            <width>686</width>
            <height>400</height>
            <textcolor>ffffffff</textcolor>
            <font>font13</font>
			<align>justify</align>
            <aligny>top</aligny>
            <wrapmultiline>true</wrapmultiline>
			<autoscroll time="1600" delay="6000" repeat="6000">true</autoscroll>
        </control>

	        <control type="grouplist" id="4100">
		        <posx>160</posx>
	            <posy>228</posy>
	            <width>240</width>
	            <itemgap>0</itemgap>
	            <onright>4200</onright>
	            <onup>4100</onup>
	            <ondown>4100</ondown>
	        <control type="button" id="4001">
	            <usealttexture>ControlGroup(4100).HasFocus(4001)</usealttexture>
	            <description>button 1</description>
	            <texturefocus>note-button-grey-focus.png</texturefocus>
	            <texturenofocus>note-button-grey.png</texturenofocus>
	            <align>center</align>
	            <aligny>center</aligny>
	            <font>font13</font>
	            <textcolor>ffffffff</textcolor>
	            <label>Welkom</label>
	        </control>

	        <control type="button" id="4002">
	            <usealttexture>ControlGroup(4100).HasFocus(4002)</usealttexture>
	            <description>button 2</description>
	            <texturefocus>note-button-grey-focus.png</texturefocus>
	            <texturenofocus>note-button-grey.png</texturenofocus>
	            <align>center</align>
	            <aligny>center</aligny>
	            <font>font13</font>
	            <textcolor>ffffffff</textcolor>
	            <label>Real Debrid</label>
	        </control>

	        <control type="button" id="4003">
		        <usealttexture>ControlGroup(4100).HasFocus(4003)</usealttexture>
	            <description>button 3</description>
	            <texturefocus>note-button-grey-focus.png</texturefocus>
	            <texturenofocus>note-button-grey.png</texturenofocus>
	            <align>center</align>
	            <aligny>center</aligny>
	            <font>font13</font>
	            <textcolor>ffffffff</textcolor>
				<label>Trakt</label>
	        </control>

	        <control type="button" id="4004">
				<usealttexture>ControlGroup(4100).HasFocus(4004)</usealttexture>
	            <description>button 4</description>
	            <texturefocus>note-button-grey-focus.png</texturefocus>
	            <texturenofocus>note-button-grey.png</texturenofocus>
	            <align>center</align>
	            <aligny>center</aligny>
	            <font>font13</font>
	            <textcolor>ffffffff</textcolor>
				<label>VPN</label>
	            <visible>true</visible>
	        </control>

			<control type="button" id="4005">
				<usealttexture>ControlGroup(4100).HasFocus(4005)</usealttexture>
	            <description>button 5</description>
	            <texturefocus>note-button-grey-focus.png</texturefocus>
	            <texturenofocus>note-button-grey.png</texturenofocus>
	            <align>center</align>
	            <aligny>center</aligny>
	            <font>font13</font>
	            <textcolor>ffffffff</textcolor>
				<label>Info</label>
				<visible>true</visible>
	        </control>

	        <control type="button" id="4006">
	            <usealttexture>ControlGroup(4100).HasFocus(4006)</usealttexture>
	            <description>button 6</description>
	            <texturefocus>note-button-grey-focus.png</texturefocus>
	            <texturenofocus>note-button-grey.png</texturenofocus>
	            <align>center</align>
	            <aligny>center</aligny>
	            <font>font13</font>
	            <textcolor>ffffffff</textcolor>
	            <label>Afsluiten</label>
	            <visible>true</visible>
	        </control>

			<control type="button" id="4007">
				<usealttexture>ControlGroup(4100).HasFocus(4007)</usealttexture>
	            <description>button 7</description>
	            <texturefocus>note-button-grey-focus.png</texturefocus>
	            <texturenofocus>note-button-grey.png</texturenofocus>
	            <align>center</align>
	            <aligny>center</aligny>
	            <font>font13</font>
	            <textcolor>ffffffff</textcolor>
	            <label>Button 7 $ADDON[4007]</label>
				<visible>false</visible>
	        </control>
		</control>

	    <control type="grouplist" id="4200">
	        <description>button 6</description>
	            <posx>820</posx>
	            <posy>500</posy>
	            <width>240</width>
	            <height>50</height>
	            <onleft>4100</onleft>
	        <control type="button" id="4020">
	            <visible>ControlGroup(4100).HasFocus(4002)</visible>
	            <texturefocus>note-button-grey-focus.png</texturefocus>
	            <texturenofocus>note-button-grey.png</texturenofocus>
	            <align>center</align>
	            <aligny>center</aligny>
	            <font>font13</font>
	            <textcolor>ffffffff</textcolor>
	            <label>Real Debrid Instellen</label>
	        </control>
	        <control type="button" id="4021">
	            <visible>ControlGroup(4100).HasFocus(4003)</visible>
	            <texturefocus>note-button-grey-focus.png</texturefocus>
	            <texturenofocus>note-button-grey.png</texturenofocus>
	            <align>center</align>
	            <aligny>center</aligny>
	            <font>font13</font>
	            <textcolor>ffffffff</textcolor>
	            <label>Trakt Instellen</label>
	        </control>
	        <control type="button" id="4022">
	            <visible>ControlGroup(4100).HasFocus(4004)</visible>
	            <texturefocus>note-button-grey-focus.png</texturefocus>
	            <texturenofocus>note-button-grey.png</texturenofocus>
	            <align>center</align>
	            <aligny>center</aligny>
	            <font>font13</font>
	            <textcolor>ffffffff</textcolor>
	            <label>VPN Instellen</label>
	        </control>
	    </control>
	    <control type="grouplist" id="4200">
	        <description>button 6</description>
	            <posx>500</posx>
	            <posy>478</posy>
	            <width>240</width>
	            <height>50</height>
	            <onleft>4100</onleft>
	            <onright>4024</onright>
	        <control type="button" id="4023">
	            <visible>ControlGroup(4100).HasFocus(4006)</visible>
	            <texturefocus>note-button-grey-focus.png</texturefocus>
	            <texturenofocus>note-button-grey.png</texturenofocus>
	            <align>center</align>
	            <aligny>center</aligny>
	            <font>font13</font>
	            <textcolor>ffffffff</textcolor>
	            <label>Herinneren</label>
	        </control>
	    </control>
	    <control type="grouplist" id="4200">
	        <description>button 6</description>
	            <posx>800</posx>
	            <posy>478</posy>
	            <width>240</width>
	            <height>50</height>
	            <onleft>4023</onleft>
	        <control type="button" id="4024">
	            <visible>ControlGroup(4100).HasFocus(4006)</visible>
	            <texturefocus>note-button-grey-focus.png</texturefocus>
	            <texturenofocus>note-button-grey.png</texturenofocus>
	            <align>center</align>
	            <aligny>center</aligny>
	            <font>font13</font>
	            <textcolor>ffffffff</textcolor>
	            <label>Afmelden</label>
	        </control>
	    </control>

    </controls>
</window>
