<favourites>
	<favourite name="24/7 Films" thumb="special://skin/extras/icons/tv.png">RunPlugin(plugin://script.module.swiftstreamz1/list_channels/7)</favourite>
	<favourite name="USA Film Zenders" thumb="special://skin/extras/icons/tv.png">ActivateWindow(10025,&quot;plugin://script.module.swiftstreamz1/list_channels/5&quot;,return)</favourite>
    <favourite name="UK Film Zenders" thumb="special://skin/extras/icons/tv.png">ActivateWindow(10025,&quot;plugin://script.module.swiftstreamz1/list_channels/4&quot;,return)</favourite>
    <favourite name="Kinder Zenders" thumb="special://skin/extras/icons/tv.png">ActivateWindow(10025,&quot;plugin://script.module.swiftstreamz1/list_channels/15&quot;,return)</favourite>
    <favourite name="Docu Zenders" thumb="special://skin/extras/icons/tv.png">ActivateWindow(10025,&quot;plugin://script.module.worldtv/list_channels/6&quot;,return)</favourite>
</favourites>