<favourites>
	<favourite name="Aflevering Gemist" thumb="special://home/addons/plugin.video.menu5/logos/color/gemist.png">ActivateWindow(10025,&quot;plugin://plugin.video.retrospect/?action=listcategory&amp;category=National&quot;,return)</favourite>
	<favourite name="YouTube" thumb="special://home/addons/plugin.video.menu5/logos/color/youtube.png">ActivateWindow(10025,&quot;plugin://plugin.video.youtube/?&amp;sf_options=winID%3D10025%26desc%3DKijk+alles+wat+youtube+te+bieden+heeft.%26_options_sf&quot;,return)</favourite>
	<favourite name="Kids World" thumb="special://home/addons/plugin.video.menu5/logos/color/kids.png">ActivateWindow(10025,&quot;plugin://plugin.program.super.favourites/?label=kidsworld&amp;mode=400&amp;path=special%3A%2F%2Fhome%2Faddons%2Fplugin.video.menu5%2Fmenu%5CSuper+Favourites%5Cmappen%5Ckids&amp;sf_options=winID%3D10025%26desc%3DKinder+gedeelte+met+Series+en+Films.%26_options_sf&quot;,return)</favourite>
	<favourite name="Documentaires" thumb="special://home/addons/plugin.video.menu5/logos/color/docu.png">ActivateWindow(1105)</favourite>
	<favourite name="Kitchen Rules" thumb="special://home/addons/plugin.video.menu5/logos/color/cooking.png">ActivateWindow(10025,&quot;plugin://plugin.video.atreides/?action=menu&amp;menu_file=food&amp;menu_section=food_root&amp;menu_sort=Label&amp;menu_title=The%20Kitchen&quot;,return)</favourite>
	<favourite name="Fitness" thumb="special://home/addons/plugin.video.menu5/logos/color/workout.png">ActivateWindow(10025,&quot;plugin://plugin.video.atreides/?action=fitness&amp;menu_title=Fitness%20Zone&quot;,return)</favourite>
	<favourite name="Humor en Kanalen" thumb="special://home/addons/plugin.video.menu5/logos/color/funnytalk.png">ActivateWindow(10025,&quot;plugin://plugin.program.super.favourites/?label=humor&amp;mode=400&amp;path=special%3A%2F%2Fhome%2Faddons%2Fplugin.video.menu5%2Fmenu%5CSuper+Favourites%5Cmappen%5Chumor&amp;sf_options=winID%3D10025%26desc%3DHumor+kanalen+en+meer!+Zoals+Dumpert,+KUD,+Lubach,+etc..%26_options_sf&quot;,return)</favourite>
	<favourite name="Twitch" thumb="special://home/addons/plugin.video.menu5/logos/color/twitch.png">ActivateWindow(10025,&quot;plugin://plugin.video.twitch/?&amp;sf_options=winID%3D10025%26desc%3DBekijk+streamers+van+de+hele+wereld+live+via+Twitch.%26_options_sf&quot;,return)</favourite>
    <favourite name="Anime" thumb="special://home/addons/plugin.video.menu5/logos/color/anime.png">ActivateWindow(10025,&quot;plugin://plugin.program.super.favourites/?label=Anime&amp;mode=400&amp;path=special%3A%2F%2Fhome%2Faddons%2Fplugin.video.menu5%2Fmenu%5CSuper+Favourites%5Cmappen%5Canime&amp;sf_options=winID%3D10025%26desc%3DGroot+aanbod+van+anime+series%26_options_sf&quot;,return)</favourite>
</favourites>