<favourites>
    <favourite name="English" thumb="special://home/addons/plugin.video.ccloudtv/resources/icons//english.png">ActivateWindow(10025,&quot;plugin://plugin.video.ccloudtv/?iconimage=%2fstorage%2f.kodi%2faddons%2fplugin.video.ccloudtv%2fresources%2ficons%2f%2fenglish.png&amp;mode=62&amp;name=%5bCOLOR%20white%5d%5bB%5dEnglish%5b%2fB%5d%5b%2fCOLOR%5d&amp;url=english&quot;,return)</favourite>
    <favourite name="Search" thumb="special://home/addons/plugin.video.ccloudtv/resources/icons//search.png">ActivateWindow(10025,&quot;plugin://plugin.video.ccloudtv/?iconimage=%2fstorage%2f.kodi%2faddons%2fplugin.video.ccloudtv%2fresources%2ficons%2f%2fsearch.png&amp;mode=99&amp;name=%5bCOLOR%20white%5d%5bB%5d%2aSearch%2a%5b%2fB%5d%5b%2fCOLOR%5d&amp;url=searchlink&quot;,return)</favourite>
    <favourite name="International" thumb="special://home/addons//plugin.video.ccloudtv/resources/icons//international.png">ActivateWindow(10025,&quot;plugin://plugin.video.ccloudtv/?iconimage=%2fstorage%2f.kodi%2faddons%2fplugin.video.ccloudtv%2fresources%2ficons%2f%2finternational.png&amp;mode=64&amp;name=%5bCOLOR%20white%5dNon-English%2fInternational%5b%2fCOLOR%5d&amp;url=international&quot;,return)</favourite>
    <favourite name="Movies" thumb="special://home/addons/plugin.video.ccloudtv/resources/icons//movies.png">ActivateWindow(10025,&quot;plugin://plugin.video.ccloudtv/?iconimage=%2fstorage%2f.kodi%2faddons%2fplugin.video.ccloudtv%2fresources%2ficons%2f%2fmovies.png&amp;mode=57&amp;name=%5bCOLOR%20white%5dMovies%5b%2fCOLOR%5d&amp;url=movie&quot;,return)</favourite>
    <favourite name="News" thumb="special://home/addons//plugin.video.ccloudtv/resources/icons//news.png">ActivateWindow(10025,&quot;plugin://plugin.video.ccloudtv/?iconimage=%2fstorage%2f.kodi%2faddons%2fplugin.video.ccloudtv%2fresources%2ficons%2f%2fnews.png&amp;mode=53&amp;name=%5bCOLOR%20white%5dNews%5b%2fCOLOR%5d&amp;url=news&quot;,return)</favourite>
    <favourite name="On Demand Movies" thumb="special://home/addons/plugin.video.ccloudtv/resources/icons//ondemandmovies.png">ActivateWindow(10025,&quot;plugin://plugin.video.ccloudtv/?iconimage=%2fstorage%2f.kodi%2faddons%2fplugin.video.ccloudtv%2fresources%2ficons%2f%2fondemandmovies.png&amp;mode=59&amp;name=%5bCOLOR%20white%5dOn%20Demand%20Movies%5b%2fCOLOR%5d&amp;url=ondemandmovies&quot;,return)</favourite>
    <favourite name="Entertainment" thumb="special://home/addons/plugin.video.ccloudtv/resources/icons//entertainment.png">ActivateWindow(10025,&quot;plugin://plugin.video.ccloudtv/?iconimage=%2fstorage%2f.kodi%2faddons%2fplugin.video.ccloudtv%2fresources%2ficons%2f%2fentertainment.png&amp;mode=55&amp;name=%5bCOLOR%20white%5dEntertainment%5b%2fCOLOR%5d&amp;url=entertainment&quot;,return)</favourite>
    <favourite name="On Demand Shows" thumb="special://home/addons/plugin.video.ccloudtv/resources/icons//ondemandshows.png">ActivateWindow(10025,&quot;plugin://plugin.video.ccloudtv/?iconimage=%2fstorage%2f.kodi%2faddons%2fplugin.video.ccloudtv%2fresources%2ficons%2f%2fondemandshows.png&amp;mode=65&amp;name=%5bCOLOR%20white%5dOn%20Demand%20Shows%5b%2fCOLOR%5d&amp;url=ondemandshows&quot;,return)</favourite>
    <favourite name="Family" thumb="special://home/addons/plugin.video.ccloudtv/resources/icons//family.png">ActivateWindow(10025,&quot;plugin://plugin.video.ccloudtv/?iconimage=%2fstorage%2f.kodi%2faddons%2fplugin.video.ccloudtv%2fresources%2ficons%2f%2ffamily.png&amp;mode=56&amp;name=%5bCOLOR%20white%5dFamily%5b%2fCOLOR%5d&amp;url=family&quot;,return)</favourite>
    <favourite name="24/7 Channels" thumb="special://home/addons/plugin.video.ccloudtv/resources/icons//twentyfourseven.png">ActivateWindow(10025,&quot;plugin://plugin.video.ccloudtv/?iconimage=%2fstorage%2f.kodi%2faddons%2fplugin.video.ccloudtv%2fresources%2ficons%2f%2ftwentyfourseven.png&amp;mode=60&amp;name=%5bCOLOR%20white%5d24%2f7%20Channels%5b%2fCOLOR%5d&amp;url=24&quot;,return)</favourite>
    <favourite name="Lifestyle" thumb="special://home/addons/plugin.video.ccloudtv/resources/icons//lifestyle.png">ActivateWindow(10025,&quot;plugin://plugin.video.ccloudtv/?iconimage=%2fstorage%2f.kodi%2faddons%2fplugin.video.ccloudtv%2fresources%2ficons%2f%2flifestyle.png&amp;mode=63&amp;name=%5bCOLOR%20white%5dLifestyle%5b%2fCOLOR%5d&amp;url=lifestyle&quot;,return)</favourite>
    <favourite name="All Channels" thumb="special://home/addons/plugin.video.ccloudtv/resources/icons//allchannels.png">ActivateWindow(10025,&quot;plugin://plugin.video.ccloudtv/?iconimage=%2fstorage%2f.kodi%2faddons%2fplugin.video.ccloudtv%2fresources%2ficons%2f%2fallchannels.png&amp;mode=2&amp;name=%5bCOLOR%20white%5d%5bB%5dAll%20Channels%5b%2fB%5d%5b%2fCOLOR%5d&amp;url=http%3a%2f%2fwww.youtube.com&quot;,return)</favourite>
</favourites>