<favourites>
	<favourite name="Zoeken" thumb="special://home/addons/plugin.video.menu5/logos/navigatie/search.png">ActivateWindow(10025,&quot;plugin://plugin.video.thecrew/?action=tvSearch&quot;,return)</favourite>
    <favourite name="Zoeken op Genres" thumb="special://home/addons/plugin.video.menu5/logos/navigatie/genre.png">ActivateWindow(10025,&quot;plugin://plugin.video.thecrew/?action=tvGenres&quot;,return)</favourite>
    <favourite name="Zoeken op Taal" thumb="special://home/addons/plugin.video.menu5/logos/navigatie/language.png">ActivateWindow(10025,&quot;plugin://plugin.video.thecrew/?action=tvLanguages&quot;,return)</favourite>
    <favourite name="Zoeken naar Acteurs" thumb="special://home/addons/plugin.video.menu5/logos/navigatie/artist.png">ActivateWindow(10025,&quot;plugin://plugin.video.thecrew/?action=tvPerson&quot;,return)</favourite>
    <favourite name="Zoeken op Netwerk" thumb="special://home/addons/plugin.video.menu5/logos/navigatie/antenna.png">ActivateWindow(10025,&quot;plugin://plugin.video.thecrew/?action=tvNetworks&quot;,return)</favourite>
 </favourites>