<favourites>
	<favourite name="Zoeken" thumb="special://home/addons/plugin.video.menu5/logos/navigatie/search.png">ActivateWindow(10025,&quot;plugin://plugin.video.seren/?action=showsSearchHistory&quot;,return)</favourite>
    <favourite name="Zoeken op Genres" thumb="special://home/addons/plugin.video.menu5/logos/navigatie/genre.png">ActivateWindow(10025,&quot;plugin://plugin.video.seren/?action=tvGenres&quot;,return)</favourite>
    <favourite name="Zoeken op Jaartal" thumb="special://home/addons/plugin.video.menu5/logos/navigatie/years.png">ActivateWindow(10025,&quot;plugin://plugin.video.seren/?action=showYears&quot;,return)</favourite>
    <favourite name="Zoeken op Netwerk" thumb="special://home/addons/plugin.video.menu5/logos/navigatie/antenna.png">ActivateWindow(10025,&quot;plugin://plugin.video.seren/?action=showsNetworks&quot;,return)</favourite>
</favourites>