<favourites>
	<favourite name="Netflix" thumb="special://home/addons/plugin.video.menu5/logos/color/netflix.png">ActivateWindow(10025,&quot;plugin://plugin.video.netflix/&quot;,return)</favourite>
	<favourite name="Disney+" thumb="special://home/addons/plugin.video.menu5/logos/color/disney+.png">ActivateWindow(10025,&quot;plugin://slyguy.disney.plus/&quot;,return)</favourite>
	<favourite name="Aflevering Gemist" thumb="special://home/addons/plugin.video.menu5/logos/color/gemist.png">ActivateWindow(10025,&quot;plugin://plugin.video.retrospect/?action=listcategory&amp;category=National&quot;,return)</favourite>
	<favourite name="Kids World" thumb="special://home/addons/plugin.video.menu5/logos/color/kids.png">ActivateWindow(10025,&quot;plugin://plugin.program.super.favourites/?label=kidsworld&amp;mode=400&amp;path=special%3A%2F%2Fhome%2Faddons%2Fplugin.video.menu5%2Fmenu%5CSuper+Favourites%5Cmappen%5Ckids&amp;sf_options=winID%3D10025%26desc%3DKinder+gedeelte+met+Series+en+Films.%26_options_sf&quot;,return)</favourite>
	<favourite name="Humor en Kanalen" thumb="special://home/addons/plugin.video.menu5/logos/color/funnytalk.png">ActivateWindow(10025,&quot;plugin://plugin.program.super.favourites/?label=humor&amp;mode=400&amp;path=special%3A%2F%2Fhome%2Faddons%2Fplugin.video.menu5%2Fmenu%5CSuper+Favourites%5Cmappen%5Chumor&amp;sf_options=winID%3D10025%26desc%3DHumor+kanalen+en+meer!+Zoals+Dumpert,+KUD,+Lubach,+etc..%26_options_sf&quot;,return)</favourite>
	<favourite name="Anime" thumb="special://home/addons/plugin.video.menu5/logos/color/anime.png">ActivateWindow(10025,&quot;plugin://plugin.program.super.favourites/?label=Anime&amp;mode=400&amp;path=special%3A%2F%2Fhome%2Faddons%2Fplugin.video.menu5%2Fmenu%5CSuper+Favourites%5Cmappen%5Canime&amp;sf_options=winID%3D10025%26desc%3DGroot+aanbod+van+anime+series%26_options_sf&quot;,return)</favourite>
</favourites>