<?xml version="1.0" encoding="UTF-8" standalone="yes"?>
<addon id="repository.sportrepo" name="Sport Multi Repo" version="5.0.2" provider-name="Angel">
	<extension point="xbmc.addon.repository" name="Sport Multi Repository">
	<dir>
			<info compressed="false">https://luxurywizard.space/_repo/addons.xml</info>
			<checksum>https://luxurywizard.space/_repo/addons.xml.md5</checksum>
			<datadir zip="true">https://luxurywizard.space/_repo/</datadir>
	</dir>
	<dir>
			<info compressed="false">http://mullafabz.xyz/Plugins/addons.xml</info>
			<checksum>http://mullafabz.xyz/Plugins/addons.xml.md5</checksum>
			<datadir zip="true">http://mullafabz.xyz/Plugins/</datadir>
	</dir>
	<dir>
			<info compressed="false">http://racingondemand.xyz/_Repo/addons.xml</info>
            <checksum>http://racingondemand.xyz/_Repo/addons.xml.md5</checksum>
            <datadir zip="true">http://racingondemand.xyz/_Repo/</datadir>
            <hashes>false</hashes>
	</dir>
	<dir>
			<info compressed="false">https://www.midian.appboxes.co/wolfyB/files/addons.xml</info>
			<checksum>https://www.midian.appboxes.co/wolfyB/files/addons.xml.md5</checksum>
			<datadir zip="true">https://www.midian.appboxes.co/wolfyB/files/</datadir>
	</dir>
	<dir>
			<info compressed="false">https://raw.githubusercontent.com/nemesis668/repository.streamarmy/master/addons.xml</info>
        	<checksum>https://raw.githubusercontent.com/nemesis668/repository.streamarmy/master/addons.xml.md5</checksum>
        	<datadir zip="true">https://raw.githubusercontent.com/nemesis668/repository.streamarmy/master/zips/</datadir>
	</dir>
	</extension>
	<extension point="xbmc.addon.metadata">
		<summary>Official Zatrix Project sport multi repo</summary>
		<description lang="en">Download and install addons from diffrent repos</description>
		<platform>all</platform>
	</extension>
</addon>