<favourites>
	<favourite name="SwiftStreams" thumb="https://doubleuptv.com/logo/swiftpng.png">ActivateWindow(10025,&quot;plugin://plugin.video.thecrew/?action=swiftNavigator&quot;,return)</favourite>
    <favourite name="TV TAP Streams" thumb="special://skin/extras/icons/tv.png">ActivateWindow(10025,&quot;plugin://script.module.limitless-tvtap/&quot;,return)</favourite>
    <favourite name="Stratus" thumb="https://pbs.twimg.com/media/DrKkLcQWkAEkcog.png">ActivateWindow(10025,&quot;plugin://plugin.video.thecrew/?action=stratusNavigator&quot;,return)</favourite>
    <favourite name="IPTV.ORG" thumb="special://skin/extras/icons/tv.png">ActivateWindow(10025,&quot;plugin://plugin.video.thecrew/?action=gitNavigator&quot;,return)</favourite>
    <favourite name="MEER" thumb="special://skin/extras/icons/more.png">ActivateWindow(1107)</favourite>
</favourites>