<favourites>
	<favourite name="Zoeken" thumb="special://home/addons/plugin.video.menu5/logos/navigatie/search.png">ActivateWindow(10025,&quot;plugin://plugin.video.marauder/?action=movieSearch&quot;,return)</favourite>
    <favourite name="Zoeken op Genres" thumb="special://home/addons/plugin.video.menu5/logos/navigatie/genre.png">ActivateWindow(10025,&quot;plugin://plugin.video.marauder/?action=movieGenres&quot;,return)</favourite>
    <favourite name="Zoeken op Jaartal" thumb="special://home/addons/plugin.video.menu5/logos/navigatie/years.png">ActivateWindow(10025,&quot;plugin://plugin.video.marauder/?action=movieYears&quot;,return)</favourite>
    <favourite name="Zoeken op Taal" thumb="special://home/addons/plugin.video.menu5/logos/navigatie/language.png">ActivateWindow(10025,&quot;plugin://plugin.video.marauder/?action=movieLanguages&quot;,return)</favourite>
    <favourite name="Zoeken naar Acteurs" thumb="special://home/addons/plugin.video.menu5/logos/navigatie/artist.png">ActivateWindow(10025,&quot;plugin://plugin.video.marauder/?action=moviePerson&quot;,return)</favourite>
</favourites>