<?xml version="1.0" encoding="UTF-8" standalone="yes"?>
<addon id="script.zatrix.loguploader" name="Zatrix Log Uploader" version="1.0.0" provider-name="ANNE">
    <requires>
        <import addon="xbmc.python" version="2.20.0"/>
    </requires>
    <extension point="xbmc.python.script" library="default.py">
        <provides>executable</provides>
    </extension>
    <extension point="xbmc.addon.metadata">
        <summary lang="en"></summary>
        <description lang="en"></description>
        <language></language>
        <platform>all</platform>
        <website></website>
        <source></source>
        <forum></forum>
    </extension>
</addon>
