<?xml version="1.0" encoding="UTF-8"?>
<!-- Foundation -->
<window id="145">
    <defaultcontrol always="true">11</defaultcontrol>

    <zorder>5</zorder>

    <controls>
        <control type="group">
            <include>Animation_FadeIn_Slide</include>
            <centerleft>50%</centerleft>
            <top>-20</top>
            <width>780</width>
            <height>104</height>
            <control type="image">
                <left>-8</left>
                <right>-8</right>
                <top>-8</top>
                <bottom>-8</bottom>
                <bordertexture border="32">common/dark-shadow-24.png</bordertexture>
                <bordersize>24</bordersize>
                <texture border="16" colordiffuse="dialog_fg_12">common/rounded-dialog.png</texture>
            </control>

            <control type="label" id="10">
                <description>Heading</description>
                <top>2</top>
                <left>30</left>
                <right>30</right>
                <font>font_small</font>
                <textcolor>dialog_bg_70</textcolor>
                <height>70</height>
            </control>

            <control type="label" id="12">
                <description>Label</description>
                <top>2</top>
                <left>30</left>
                <right>30</right>
                <font>font_small</font>
                <textcolor>dialog_bg_70</textcolor>
                <height>70</height>
                <align>right</align>
            </control>
            <!-- Left Center Point -->
            <control type="image">
                <description>Slider</description>
                <top>57</top>
                <centerleft>25%</centerleft>
                <width>3</width>
                <height>8</height>
                <texture colordiffuse="dialog_bg_12">common/white.png</texture>
            </control>
            <control type="image">
                <description>Slider</description>
                <top>71</top>
                <centerleft>25%</centerleft>
                <width>3</width>
                <height>8</height>
                <texture colordiffuse="dialog_bg_12">common/white.png</texture>
            </control>
            <!-- Mid Point -->
            <control type="image">
                <description>Slider</description>
                <top>53</top>
                <centerleft>50%</centerleft>
                <width>3</width>
                <height>12</height>
                <texture colordiffuse="dialog_bg_12">common/white.png</texture>
            </control>
            <control type="image">
                <description>Slider</description>
                <top>71</top>
                <centerleft>50%</centerleft>
                <width>3</width>
                <height>12</height>
                <texture colordiffuse="dialog_bg_12">common/white.png</texture>
            </control>
            <!-- Right Center Point -->
            <control type="image">
                <description>Slider</description>
                <top>57</top>
                <centerleft>75%</centerleft>
                <width>3</width>
                <height>8</height>
                <texture colordiffuse="dialog_bg_12">common/white.png</texture>
            </control>
            <control type="image">
                <description>Slider</description>
                <top>71</top>
                <centerleft>75%</centerleft>
                <width>3</width>
                <height>8</height>
                <texture colordiffuse="dialog_bg_12">common/white.png</texture>
            </control>
            <!-- Slider -->
            <control type="slider" id="11">
                <description>Slider</description>
                <top>65</top>
                <left>30</left>
                <width>720</width>
                <onleft>11</onleft>
                <onright>11</onright>
                <height>6</height>
                <texturesliderbar colordiffuse="dialog_bg_12">diffuse/progress-bg.png</texturesliderbar>
                <textureslidernibfocus colordiffuse="$VAR[ColorHighlight]">diffuse/progress-nib.png</textureslidernibfocus>
                <textureslidernib colordiffuse="dialog_bg_30">diffuse/progress-nib.png</textureslidernib>
            </control>

        </control>

    </controls>

</window>
