<window>
    <defaultcontrol always="true">9002</defaultcontrol>
    <onunload>RunScript(script.skinshortcuts,type=buildxml&amp;mainmenuID=301&amp;levels=1&amp;group=mainmenu|powermenu|searchmenu|x1101|x1102|x1103|x1104|x1105|x1106|x1107|x1108|x1109|x1110|x1111|x1112)</onunload>
    <onunload condition="System.HasAddon(script.colorbox)">SetProperty(NINE_manual_set,"var=main,set=$INFO[Skin.String(colorbox_main)]|var=comp,set=$INFO[Skin.String(colorbox_comp)]|var=quality,set=$INFO[Skin.String(colorbox_quality)]|var=blursize,set=$INFO[Skin.String(colorbox_blursize)]|var=bitsize,set=$INFO[Skin.String(colorbox_bitsize)]|var=pixelsize,set=$INFO[Skin.String(colorbox_pixelsize)]|var=black,set=$INFO[Skin.String(colorbox_black)]|var=white,set=$INFO[Skin.String(colorbox_white)]|var=blend,set=$INFO[Skin.String(colorbox_blend)]|var=desat,set=$INFO[Skin.String(colorbox_desat)]",home)</onunload>
    <controls>

        <include>Global_Background</include>
        <control type="group">
           <include>Dialog_MainSettings_Group</include>
            <control type="group">
                <control type="grouplist" id="9000">
                    <description>button area</description>
                    <left>0</left>
                    <top>60</top>
                    <width>dialog_side_grouplist</width>
                    <itemgap>0</itemgap>
                    <onright>9999</onright>
                    <control type="label" id="9001" description="Dependencies">
                        <alttexturenofocus colordiffuse="$VAR[Defs_Settings_ToggleButton_Color]">common/white.png</alttexturenofocus>
                        <width>550</width>
                        <include>Dialog_Standard_HintLabelCat</include>
                        <label>[COLOR $VAR[ColorHighlight]]Instellingen[/COLOR]</label>
                    </control>
                    <control type="togglebutton" id="9002" description="Home">
                        <onfocus>SetProperty(CurrentFocus,$NUMBER[9001])</onfocus>
                        <alttexturenofocus colordiffuse="$VAR[Defs_Settings_ToggleButton_Color]">common/white.png</alttexturenofocus>
                        <width>550</width>
                        <include>Defs_Settings_Button</include>
                        <label>Info</label>
                        <altlabel>[COLOR=Selected]Info[/COLOR]</altlabel>
                    </control>

                    <control type="togglebutton" id="9003" description="Background">
                        <onfocus>SetProperty(CurrentFocus,$NUMBER[9002])</onfocus>
                        <alttexturenofocus colordiffuse="$VAR[Defs_Settings_ToggleButton_Color]">common/white.png</alttexturenofocus>
                        <width>550</width>
                        <include>Defs_Settings_Button</include>
                        <label>Gereedschap / VPN</label>
                        <altlabel>[COLOR=Selected]Gereedschap / VPN[/COLOR]</altlabel>
                    </control>

                    <control type="togglebutton" id="9004" description="Colors">
                        <onfocus>SetProperty(CurrentFocus,$NUMBER[9003])</onfocus>
                        <alttexturenofocus colordiffuse="$VAR[Defs_Settings_ToggleButton_Color]">common/white.png</alttexturenofocus>
                        <width>550</width>
                        <include>Defs_Settings_Button</include>
                        <label>Updaten</label>
                        <altlabel>[COLOR=Selected]Updaten[/COLOR]</altlabel>
                    </control>

                    <control type="togglebutton" id="9005" description="Views">
                        <onfocus>SetProperty(CurrentFocus,$NUMBER[9004])</onfocus>
                        <alttexturenofocus colordiffuse="$VAR[Defs_Settings_ToggleButton_Color]">common/white.png</alttexturenofocus>
                        <width>550</width>
                        <include>Defs_Settings_Button</include>
                        <label>Addon Instellingen</label>
                        <altlabel>[COLOR=Selected]Addon Instellingen[/COLOR]</altlabel>
                    </control>

                    <control type="togglebutton" id="9006" description="Dependencies">
                        <onfocus>SetProperty(CurrentFocus,$NUMBER[9008])</onfocus>
                        <alttexturenofocus colordiffuse="$VAR[Defs_Settings_ToggleButton_Color]">common/white.png</alttexturenofocus>
                        <width>550</width>
                        <include>Defs_Settings_Button</include>
                        <label>Trakt / Ondertiteling</label>
                        <altlabel>[COLOR=Selected]Trakt / Ondertiteling[/COLOR]</altlabel>
                    </control>

                    <control type="togglebutton" id="9007" description="Furniture">
                        <onfocus>SetProperty(CurrentFocus,$NUMBER[9005])</onfocus>
                        <alttexturenofocus colordiffuse="$VAR[Defs_Settings_ToggleButton_Color]">common/white.png</alttexturenofocus>
                        <width>550</width>
                        <include>Defs_Settings_Button</include>
                        <label>Premium Resolvers</label>
                        <altlabel>[COLOR=Selected]Premium Resolvers[/COLOR]</altlabel>
                    </control>

                    <control type="label" id="9008" description="Dependencies">
                        <alttexturenofocus colordiffuse="$VAR[Defs_Settings_ToggleButton_Color]">common/white.png</alttexturenofocus>
                        <width>550</width>
                        <include>Dialog_Standard_HintLabelCat</include>
                        <label>[COLOR $VAR[ColorHighlight]]Geavanceerd[/COLOR]</label>
                    </control>

                    <control type="togglebutton" id="9009" description="OSD">
                        <onfocus>SetProperty(CurrentFocus,$NUMBER[9006])</onfocus>
                        <alttexturenofocus colordiffuse="$VAR[Defs_Settings_ToggleButton_Color]">common/white.png</alttexturenofocus>
                        <width>550</width>
                        <include>Defs_Settings_Button</include>
                        <label>Skin Instellingen</label>
                        <altlabel>[COLOR=Selected]Skin Instellingen[/COLOR]</altlabel>
                    </control>

                    <control type="togglebutton" id="9010" description="Dependencies">
                        <onfocus>SetProperty(CurrentFocus,$NUMBER[9007])</onfocus>
                        <alttexturenofocus colordiffuse="$VAR[Defs_Settings_ToggleButton_Color]">common/white.png</alttexturenofocus>
                        <width>550</width>
                        <include>Defs_Settings_Button</include>
                        <label>Meer Instellingen</label>
                        <altlabel>[COLOR=Selected]Meer Instellingen[/COLOR]</altlabel>
                        <onclick>ActivateWindow(settings)</onclick>
                    </control>
                </control>

                <control type="grouplist" id="9999">
                    <description>control area</description>
                    <left>dialog_side_grouplist</left>
                    <top>39</top>
                    <right>0</right>
                    <itemgap>0</itemgap>
                    <onleft>9000</onleft>
                    <onup>9999</onup>
                    <ondown>9999</ondown>
                    <pagecontrol>61</pagecontrol>
                    <usecontrolcoords>true</usecontrolcoords>
                    <!-- ==== -->
                    <!-- Info -->
                    <!-- ==== -->
                    <control type="label" id="19181" description="Resolutie">
                        <visible>Integer.IsEqual(Window.Property(CurrentFocus),9001)</visible>
                        <include>Dialog_Standard_HintLabel</include>
                        <label>[COLOR gold]Netwerk Instellingen[/COLOR]</label>
                    </control>
                    <control type="label" id="19182" description="Netwerk">
                        <visible>Integer.IsEqual(Window.Property(CurrentFocus),9001)</visible>
                        <include>Defs_Settings_Button</include>
                        <label>[COLOR $VAR[ColorHighlight]]Netwerk[/COLOR] [COLOR gray]-[/COLOR] $INFO[Network.LinkState]</label>
                    </control>
                    <control type="button" id="19183" description="Test verbindings snelheid">
                        <visible>Integer.IsEqual(Window.Property(CurrentFocus),9001)</visible>
                        <include>Defs_Settings_Button</include>
                        <label>[COLOR gray]-[/COLOR][COLOR red] Test internetsnelheid[/COLOR]</label>
                        <onclick>RunAddon(script.speedtestnet)</onclick>
                    </control>
                    <control type="label" id="19184" description="IPAdres">
                        <visible>Integer.IsEqual(Window.Property(CurrentFocus),9001)</visible>
                        <include>Defs_Settings_Button</include>
                        <label>[COLOR $VAR[ColorHighlight]]Netwerk IP Adres[/COLOR] [COLOR gray]-[/COLOR] [COLOR lime]$INFO[Network.IPAddress][/COLOR]</label>
                    </control>
                     <control type="label" id="19185" description="Subnetmask">
                        <visible>Integer.IsEqual(Window.Property(CurrentFocus),9001)</visible>
                        <include>Defs_Settings_Button</include>
                        <label>[COLOR $VAR[ColorHighlight]]Subnetmask[/COLOR] [COLOR gray]-[/COLOR] $INFO[Network.SubnetMask]</label>
                    </control>
                    <control type="label" id="19186" description="Gateway">
                        <visible>Integer.IsEqual(Window.Property(CurrentFocus),9001)</visible>
                        <include>Defs_Settings_Button</include>
                        <label>[COLOR $VAR[ColorHighlight]]Gateway[/COLOR] [COLOR gray]-[/COLOR] $INFO[Network.GatewayAddress]</label>
                    </control>
                    <control type="label" id="19187" description="DNS1">
                        <visible>Integer.IsEqual(Window.Property(CurrentFocus),9001)</visible>
                        <include>Defs_Settings_Button</include>
                        <label>[COLOR $VAR[ColorHighlight]]MAC[/COLOR] [COLOR gray]-[/COLOR] $INFO[Network.MacAddress]</label>
                    </control>
                     <control type="label" id="19188" description="DNS2">
						<visible>Integer.IsEqual(Window.Property(CurrentFocus),9001)</visible>
                        <include>Defs_Settings_Button</include>
                        <label>[COLOR $VAR[ColorHighlight]]DNS1[/COLOR] [COLOR gray]-[/COLOR] $INFO[Network.DNS1Address]</label>
                    </control>
                    <control type="label" id="19189" description="DNS2">
						<visible>Integer.IsEqual(Window.Property(CurrentFocus),9001)</visible>
                        <include>Defs_Settings_Button</include>
                        <label>[COLOR $VAR[ColorHighlight]]DNS2[/COLOR] [COLOR gray]-[/COLOR] $INFO[Network.DNS2Address]</label>
                    </control>
                    <control type="label" id="19190" description="Systeem">
                        <visible>Integer.IsEqual(Window.Property(CurrentFocus),9001)</visible>
                        <include>Dialog_Standard_HintLabel</include>
                        <label>[COLOR gold]Systeem[/COLOR]</label>
                    </control>
                     <control type="label" id="19191" description="Systeem versie">
                        <visible>Integer.IsEqual(Window.Property(CurrentFocus),9001)</visible>
                        <include>Defs_Settings_Button</include>
                        <label>[COLOR $VAR[ColorHighlight]]OS[/COLOR] [COLOR gray]-[/COLOR] Kodi $INFO[System.BuildVersion], $INFO[System.KernelVersion]</label>
                    </control>
                    <control type="label" id="19192" description="Resolutie">
                        <visible>Integer.IsEqual(Window.Property(CurrentFocus),9001)</visible>
                        <include>Defs_Settings_Button</include>
                        <label>[COLOR $VAR[ColorHighlight]]Resolutie[/COLOR] [COLOR gray]-[/COLOR] $INFO[System.ScreenResolution]</label>
                    </control>
                    <control type="label" id="19193" description="Geheugen">
                        <visible>Integer.IsEqual(Window.Property(CurrentFocus),9001)</visible>
                        <include>Defs_Settings_Button</include>
                        <label>[COLOR $VAR[ColorHighlight]]Geheugen verbruik[/COLOR] [COLOR gray]-[/COLOR] $INFO[System.Memory(used.percent)]                 [COLOR $VAR[ColorHighlight]]Vrij [/COLOR][COLOR gray]-[/COLOR] $INFO[System.FreeMemory]</label>
                    </control>
                    <control type="label" id="19194" description="Temp">
                        <visible>Integer.IsEqual(Window.Property(CurrentFocus),9001)</visible>
                        <include>Defs_Settings_Button</include>
                        <label>[COLOR $VAR[ColorHighlight]]Temperatuur[/COLOR] [COLOR gray]-[/COLOR] $INFO[System.CPUTemperature]</label>
                    </control>
                    <!-- ========== -->
                    <!-- Tools -->
                    <!-- ========== -->
                    <control type="label" id="19200" description="LABEL">
                        <visible>Integer.IsEqual(Window.Property(CurrentFocus),9002)</visible>
                        <include>Dialog_Standard_HintLabel</include>
                        <label>[COLOR $VAR[ColorHighlight]]Schoonmaak Tools[/COLOR]</label>
                    </control>
                    <control type="label" id="19201" description="LABEL">
                        <visible>Integer.IsEqual(Window.Property(CurrentFocus),9002)</visible>
                        <include>Dialog_Standard_HintLabel</include>
                        <label>[COLOR gold]Addon Cache Schoonmaken[/COLOR]</label>
                    </control>
                    <control type="button" id="19202" description="Addon Cache">
                        <visible>Integer.IsEqual(Window.Property(CurrentFocus),9002)</visible>
                        <include>Defs_Settings_Button</include>
                        <label>[COLOR cyan]$ADDON[plugin.video.menu5 10201][/COLOR] [COLOR gray]-[/COLOR] Cache verwijderen</label>
                        <onclick>$ADDON[plugin.video.menu5 10031]</onclick>
                        <visible>!Skin.HasSetting(addon1)</visible>
                    </control>
                    <control type="button" id="19203" description="Addon Cache">
                        <visible>Integer.IsEqual(Window.Property(CurrentFocus),9002)</visible>
                        <include>Defs_Settings_Button</include>
                        <label>[COLOR cyan]$ADDON[plugin.video.menu5 10204][/COLOR] [COLOR gray]-[/COLOR] Cache verwijderen</label>
                        <onclick>$ADDON[plugin.video.menu5 10031]</onclick>
                        <visible>!Skin.HasSetting(addon2)</visible>
                    </control>
                    <control type="button" id="19204" description="Addon Cache">
                        <visible>Integer.IsEqual(Window.Property(CurrentFocus),9002)</visible>
                        <include>Defs_Settings_Button</include>
                        <label>[COLOR cyan]$ADDON[plugin.video.menu5 10207][/COLOR] [COLOR gray]-[/COLOR] Cache verwijderen</label>
                        <onclick>$ADDON[plugin.video.menu5 10031]</onclick>
                        <visible>!Skin.HasSetting(addon3)</visible>
                    </control>
                    <control type="button" id="19205" description="Addon Cache">
                        <visible>Integer.IsEqual(Window.Property(CurrentFocus),9002)</visible>
                        <include>Defs_Settings_Button</include>
                        <label>[COLOR cyan]$ADDON[plugin.video.menu5 10210][/COLOR] [COLOR gray]-[/COLOR] Cache verwijderen</label>
                        <onclick>$ADDON[plugin.video.menu5 10031]</onclick>
                        <visible>!Skin.HasSetting(addon4)</visible>
                    </control>
                    <control type="label" id="19206" description="LABEL">
                        <visible>Integer.IsEqual(Window.Property(CurrentFocus),9002)</visible>
                        <include>Dialog_Standard_HintLabel</include>
                        <label>[COLOR gold]Premium Resolver Cache[/COLOR]</label>
                    </control>
                    <control type="button" id="19207" description="Resolver Cache">
                        <visible>Integer.IsEqual(Window.Property(CurrentFocus),9002)</visible>
                        <include>Defs_Settings_Button</include>
                        <label>[COLOR gray]-[/COLOR] Resolver Cache verwijderen</label>
                        <onclick>RunPlugin(plugin://script.module.resolveurl/?mode=reset_cache)</onclick>
                        <onclick>RunPlugin(plugin://script.module.urlresolve/?mode=reset_cache)</onclick>
                    </control>
                    <control type="label" id="19208" description="LABEL">
                        <visible>Integer.IsEqual(Window.Property(CurrentFocus),9002)</visible>
                        <include>Dialog_Standard_HintLabel</include>
                        <label>[COLOR gold]Afbeeldingen Cache[/COLOR]</label>
                    </control>
                    <control type="button" id="19209" description="Resolver Cache">
                        <visible>Integer.IsEqual(Window.Property(CurrentFocus),9002)</visible>
                        <include>Defs_Settings_Button</include>
                        <label>[COLOR gray]-[/COLOR] Afbeeldingen verwijderen</label>
                        <onclick>RunScript(special://skin/resources/clean.py)</onclick>
                    </control>
                    <control type="label" id="19210" description="LABEL">
                        <visible>Integer.IsEqual(Window.Property(CurrentFocus),9002)</visible>
                        <include>Dialog_Standard_HintLabel</include>
                        <label>[COLOR $VAR[ColorHighlight]]Extra Tools[/COLOR]</label>
                    </control>
                    <control type="label" id="19211" description="LABEL">
                        <visible>Integer.IsEqual(Window.Property(CurrentFocus),9002)</visible>
                        <include>Dialog_Standard_HintLabel</include>
                        <label>[COLOR gold]Virtual Private Network (VPN)[/COLOR] [COLOR gray]| meer info: http://bit.ly/VPN-INFO[/COLOR]</label>
                    </control>
                    <control type="button" id="19222" description="vpn enable">
                        <visible>Integer.IsEqual(Window.Property(CurrentFocus),9002)</visible>
                        <include>Defs_Settings_Button</include>
	                    <label>[COLOR cyan]VPN Manager[/COLOR] [COLOR gray]-[/COLOR] Instellen</label>
                        <onclick>RunPlugin(&quot;plugin://service.vpn.manager/&quot;)</onclick>
                        <onclick>RunAddon(service.vpn.manager)</onclick>
                    </control>
                    <control type="button" id="19223" description="vpn delete">
                        <visible>Integer.IsEqual(Window.Property(CurrentFocus),9002)</visible>
                        <include>Defs_Settings_Button</include>
	                    <label>[COLOR cyan]VPN Manager[/COLOR] [COLOR gray]-[/COLOR] Verwijderen</label>
                        <onclick>RunScript(special://skin/resources/removevpn.py)</onclick>
                        <visible>System.HasAddon(service.vpn.manager)</visible>
                    </control>
                    <control type="label" id="19224" description="LABEL">
                        <visible>Integer.IsEqual(Window.Property(CurrentFocus),9002)</visible>
                        <include>Dialog_Standard_HintLabel</include>
                        <label>[COLOR gold]Database[/COLOR]</label>
                    </control>
                    <control type="button" id="19225" description="Enable addons">
                        <visible>Integer.IsEqual(Window.Property(CurrentFocus),9002)</visible>
                        <include>Defs_Settings_Button</include>
	                    <label>[COLOR cyan]Addons[/COLOR] [COLOR gray]-[/COLOR] Heractiveren</label>
                        <onclick>RunAddon(script.enableit)</onclick>
                    </control>
                    <control type="label" id="19226" description="LABEL">
                        <visible>Integer.IsEqual(Window.Property(CurrentFocus),9002)</visible>
                        <include>Dialog_Standard_HintLabel</include>
                        <label>[COLOR gold]Overige Instellingen[/COLOR]</label>
                    </control>
                    <control type="button" id="19227" description="Addon enable">
                        <visible>Integer.IsEqual(Window.Property(CurrentFocus),9002)</visible>
                        <include>Defs_Settings_Button</include>
	                    <label>Overige</label>
                        <onclick>ActivateWindow(10001,&quot;plugin://plugin.program.zatrix20/?description&amp;mode=3&amp;name=AFK%20Extra&amp;url&quot;,return)</onclick>
                    </control>
                    <!-- ============= -->
                    <!-- Update -->
                    <!-- ============= -->
                    <control type="label" id="19300" description="LABEL">
                        <visible>Integer.IsEqual(Window.Property(CurrentFocus),9003)</visible>
                        <include>Dialog_Standard_HintLabel</include>
                        <label>[COLOR $VAR[ColorHighlight]]Join de VIP Facebook Groep voor Info & Hulp: http://bit.ly/JOINZATRIX[/COLOR]</label>
                    </control>
                    <control type="label" id="19301" description="LABEL">
                        <visible>Integer.IsEqual(Window.Property(CurrentFocus),9003)</visible>
                        <include>Dialog_Standard_HintLabel</include>
                        <label>[COLOR gold]NotificatieScherm[/COLOR]</label>
                    </control>
                    <control type="button" id="19302" description="Update Addons">
                        <visible>Integer.IsEqual(Window.Property(CurrentFocus),9003)</visible>
                        <include>Defs_Settings_Button</include>
                        <label>[COLOR gray]-[/COLOR] Notificatiescherm openen</label>
			            <onclick>RunAddon(plugin.program.ztnotice)</onclick>
                    </control>
                    <control type="label" id="19303" description="LABEL">
                        <visible>Integer.IsEqual(Window.Property(CurrentFocus),9003)</visible>
                        <include>Dialog_Standard_HintLabel</include>
                        <label>[COLOR gold]Addon Updates[/COLOR]</label>
                    </control>
                    <control type="button" id="19304" description="Update Addons">
                        <visible>Integer.IsEqual(Window.Property(CurrentFocus),9003)</visible>
                        <include>Defs_Settings_Button</include>
                        <label>[COLOR gray]-[/COLOR] Handmatig controleren op Addon updates</label>
			            <onclick>RunScript(special://skin/resources/updatedialog.py)</onclick>
                    </control>
                    <control type="label" id="19305" description="LABEL">
                        <visible>Integer.IsEqual(Window.Property(CurrentFocus),9003)</visible>
                        <include>Dialog_Standard_HintLabel</include>
                        <label>[COLOR gold]Build Updates[/COLOR] [COLOR silver]Versie 5.0.2[/COLOR]</label>
                    </control>
                    <control type="button" id="19306" description="Build Updates">
                        <visible>Integer.IsEqual(Window.Property(CurrentFocus),9003)</visible>
                        <include>Defs_Settings_Button</include>
                        <label>[COLOR gray]-[/COLOR] Update scherm openen</label>
                        <onclick>ActivateWindow(10001,&quot;plugin://plugin.program.zatrix20/?description&amp;mode=2&amp;name=AFK%20Update&amp;url&quot;,return)</onclick>
                    </control>
                    <control type="label" id="19307" description="LABEL">
                        <visible>Integer.IsEqual(Window.Property(CurrentFocus),9003)</visible>
                        <include>Dialog_Standard_HintLabel</include>
                        <label>[COLOR gold]Build Herinstalleren[/COLOR] </label>
                    </control>
                    <control type="button" id="19308" description="Build Updates">
                        <visible>Integer.IsEqual(Window.Property(CurrentFocus),9003)</visible>
                        <include>Defs_Settings_Button</include>
                        <label>[COLOR gray]-[/COLOR] Herinstalleren van Build</label>
                        <onclick>RunScript(special://skin/resources/backup.py)</onclick>
                    </control>
                    <!-- ======= -->
                    <!-- Addon Settings -->
                    <!-- ======= -->
                    <control type="label" id="19401" description="LABEL">
                        <visible>Integer.IsEqual(Window.Property(CurrentFocus),9004)</visible>
                        <include>Dialog_Standard_HintLabel</include>
                        <label>[COLOR gold]Addon Beheer[/COLOR]</label>
                    </control>
                    <control type="radiobutton" id="19402" description="Addon enable">
                        <visible>Integer.IsEqual(Window.Property(CurrentFocus),9004)</visible>
                        <include>Defs_Settings_Button</include>
                        <label>[COLOR cyan]$ADDON[plugin.video.menu5 10201][/COLOR] [COLOR gray]-[/COLOR] inschakelen</label>
						<selected>!Skin.HasSetting(addon1)</selected>
	                    <onclick>Skin.ToggleSetting(addon1)</onclick>
                    </control>
                    <control type="button" id="19403" description="Addon enable">
                        <visible>Integer.IsEqual(Window.Property(CurrentFocus),9004)</visible>
                        <include>Defs_Settings_Button</include>
                        <label>[COLOR gray]-[/COLOR] Instellingen</label>
                        <onclick>$ADDON[plugin.video.menu5 10202]</onclick>
                        <visible>!Skin.HasSetting(addon1)</visible>
                    </control>
                    <control type="radiobutton" id="19404" description="Addon enable">
                        <visible>Integer.IsEqual(Window.Property(CurrentFocus),9004)</visible>
                        <include>Defs_Settings_Button</include>
                        <label>[COLOR cyan]$ADDON[plugin.video.menu5 10204][/COLOR] [COLOR gray]-[/COLOR] inschakelen</label>
						<selected>!Skin.HasSetting(addon2)</selected>
	                    <onclick>Skin.ToggleSetting(addon2)</onclick>
                    </control>
                    <control type="button" id="19405" description="Addon enable">
                        <visible>Integer.IsEqual(Window.Property(CurrentFocus),9004)</visible>
                        <include>Defs_Settings_Button</include>
                        <label>[COLOR gray]-[/COLOR] Instellingen</label>
                        <onclick>$ADDON[plugin.video.menu5 10205]</onclick>
                        <visible>!Skin.HasSetting(addon2)</visible>
                    </control>
                    <control type="radiobutton" id="19406" description="Addon enable">
                        <visible>Integer.IsEqual(Window.Property(CurrentFocus),9004)</visible>
                        <include>Defs_Settings_Button</include>
                        <label>[COLOR cyan]$ADDON[plugin.video.menu5 10207][/COLOR] [COLOR gray]-[/COLOR] inschakelen</label>
						<selected>!Skin.HasSetting(addon3)</selected>
	                    <onclick>Skin.ToggleSetting(addon3)</onclick>
                    </control>
                    <control type="button" id="19407" description="Addon enable">
                        <visible>Integer.IsEqual(Window.Property(CurrentFocus),9004)</visible>
                        <include>Defs_Settings_Button</include>
                        <label>[COLOR gray]-[/COLOR] Instellingen</label>
                        <onclick>$ADDON[plugin.video.menu5 10208]</onclick>
                        <visible>!Skin.HasSetting(addon3)</visible>
                    </control>
                    <!--<control type="radiobutton" id="19408" description="Addon enable">
                        <visible>Integer.IsEqual(Window.Property(CurrentFocus),9004)</visible>
                        <include>Defs_Settings_Button</include>
                        <label>[COLOR cyan]$ADDON[plugin.video.menu5 10210][/COLOR] [COLOR gray]-[/COLOR] inschakelen</label>
						<selected>!Skin.HasSetting(addon4)</selected>
	                    <onclick>Skin.ToggleSetting(addon4)</onclick>
                    </control>-->
                    <control type="button" id="19409" description="Addon enable">
                        <visible>Integer.IsEqual(Window.Property(CurrentFocus),9004)</visible>
                        <include>Defs_Settings_Button</include>
                        <label>[COLOR gray]-[/COLOR] Instellingen</label>
                        <onclick>$ADDON[plugin.video.menu5 10211]</onclick>
                        <visible>!Skin.HasSetting(addon4)</visible>
                    </control>
                    <control type="radiobutton" id="19410" description="Addon enable">
                        <visible>Integer.IsEqual(Window.Property(CurrentFocus),9004)</visible>
                        <include>Defs_Settings_Button</include>
                        <label>[COLOR cyan]$ADDON[plugin.video.menu5 10250][/COLOR] [COLOR gray]-[/COLOR] inschakelen</label>
						<selected>!Skin.HasSetting(addon5)</selected>
	                    <onclick>Skin.ToggleSetting(addon5)</onclick>
                    </control>
                    <control type="radiobutton" id="19411" description="Addon enable">
                        <visible>Integer.IsEqual(Window.Property(CurrentFocus),9004)</visible>
                        <include>Defs_Settings_Button</include>
                        <label>[COLOR cyan]$ADDON[plugin.video.menu5 10251][/COLOR] [COLOR gray]-[/COLOR] inschakelen</label>
						<selected>!Skin.HasSetting(addon6)</selected>
	                    <onclick>Skin.ToggleSetting(addon6)</onclick>
                    </control>
                    <control type="button" id="19412" description="Addon enable">
                        <visible>Integer.IsEqual(Window.Property(CurrentFocus),9004)</visible>
                        <include>Defs_Settings_Button</include>
                        <label>[COLOR cyan]Spotify[/COLOR] [COLOR gray]-[/COLOR] Instellingen</label>
	                    <onclick>Addon.OpenSettings(plugin.audio.spotify)</onclick>
	                    <visible>HasAddon(plugin.audio.spotify)</visible>
                    </control>
                    <control type="label" id="19430" description="LABEL">
                        <visible>Integer.IsEqual(Window.Property(CurrentFocus),9004)</visible>
                        <include>Dialog_Standard_HintLabel</include>
                        <label>[COLOR gold]In/Uitschakelen Onderdelen[/COLOR]</label>
                    </control>
                    <control type="radiobutton" id="19431" description="Addon enable">
                        <visible>Integer.IsEqual(Window.Property(CurrentFocus),9004)</visible>
                        <include>Defs_Settings_Button</include>
                        <label>[COLOR cyan]IPTV[/COLOR] [COLOR gray]-[/COLOR] inschakelen [COLOR gray]| zichtbaar bij 'Live TV'[/COLOR]</label>
				    	<selected>!Skin.HasSetting(iptvbox)</selected>
                        <onclick>Skin.ToggleSetting(iptvbox)</onclick>
                    </control>
                    <control type="radiobutton" id="19432" description="Addon enable">
                        <visible>Integer.IsEqual(Window.Property(CurrentFocus),9004)</visible>
                        <include>Defs_Settings_Button</include>
                        <label>[COLOR cyan]XXX (Adult)[/COLOR] [COLOR gray]-[/COLOR] inschakelen [COLOR gray]| zichtbaar bij 'Meer'[/COLOR]</label>
				    	<selected>!Skin.HasSetting(xxx)</selected>
                        <onclick>Skin.ToggleSetting(xxx)</onclick>
                    </control>
                    <!-- ================= -->
                    <!-- Premium resolvers -->
                    <!-- ================= -->
                    <control type="label" id="19501" description="LABEL">
                        <visible>Integer.IsEqual(Window.Property(CurrentFocus),9005)</visible>
                        <include>Dialog_Standard_HintLabel</include>
                        <label>[COLOR gold]Real-Debrid[/COLOR] [COLOR gray]| meer info: http://bit.ly/RD-INFO[/COLOR]</label>
                    </control>
                    <control type="button" id="19502" description="resolver">
                        <visible>Integer.IsEqual(Window.Property(CurrentFocus),9005)</visible>
                        <include>Defs_Settings_Button</include>
	                    <label>[COLOR cyan]ResolveUrl[/COLOR] [COLOR gray]-[/COLOR] Autoriseren</label>
                        <onclick>RunPlugin(plugin://script.module.resolveurl?mode=auth_rd)</onclick>
                    </control>
                    <control type="button" id="19503" description="resolver">
                        <visible>Integer.IsEqual(Window.Property(CurrentFocus),9005)</visible>
                        <include>Defs_Settings_Button</include>
	                    <label>[COLOR cyan]UrlResolver[/COLOR] [COLOR gray]-[/COLOR] Autoriseren</label>
                        <onclick>RunPlugin(plugin://script.module.urlresolver/?mode=auth_rd)</onclick>
                    </control>
                    <control type="button" id="19504" description="resolver">
                        <visible>Integer.IsEqual(Window.Property(CurrentFocus),9005)</visible>
                        <include>Defs_Settings_Button</include>
	                    <label>[COLOR cyan]Seren[/COLOR] [COLOR gray]-[/COLOR] Autoriseren</label>
                        <onclick>RunPlugin(plugin://plugin.video.seren/?action=authRealDebrid)</onclick>
                        <visible>System.HasAddon(plugin.video.seren)</visible>
                    </control>
                    <control type="button" id="19505" description="resolver">
                        <visible>Integer.IsEqual(Window.Property(CurrentFocus),9005)</visible>
                        <include>Defs_Settings_Button</include>
	                    <label>[COLOR red]Real-Debrid[/COLOR] [COLOR gray]-[/COLOR] Resetten</label>
                        <onclick>RunPlugin(plugin://script.module.urlresolver/?mode=reset_rd)</onclick>
                        <onclick>RunPlugin(plugin://script.module.resolveurl/?mode=reset_rd)</onclick>
                    </control>
                    <control type="label" id="19510" description="LABEL">
                        <visible>Integer.IsEqual(Window.Property(CurrentFocus),9005)</visible>
                        <include>Dialog_Standard_HintLabel</include>
                        <label>[COLOR gold]Premiumize[/COLOR]</label>
                    </control>
                    <control type="button" id="19511" description="resolver">
                        <visible>Integer.IsEqual(Window.Property(CurrentFocus),9005)</visible>
                        <include>Defs_Settings_Button</include>
	                    <label>[COLOR cyan]ResolverUrl[/COLOR] [COLOR gray]-[/COLOR] Autoriseren</label>
                        <onclick>RunPlugin(plugin://script.module.resolverurl/?mode=auth_pm)</onclick>
                    </control>
                    <control type="button" id="19512" description="resolver">
                        <visible>Integer.IsEqual(Window.Property(CurrentFocus),9005)</visible>
                        <include>Defs_Settings_Button</include>
	                    <label>[COLOR cyan]UrlResolver[/COLOR] [COLOR gray]-[/COLOR] Autoriseren</label>
                        <onclick>RunPlugin(plugin://script.module.urlresolver/?mode=auth_pm)</onclick>
                    </control>
                    <control type="button" id="19513" description="resolver">
                        <visible>Integer.IsEqual(Window.Property(CurrentFocus),9005)</visible>
                        <include>Defs_Settings_Button</include>
	                    <label>[COLOR red]Premiumize[/COLOR] [COLOR gray]-[/COLOR] Resetten</label>
                        <onclick>RunPlugin(plugin://script.module.urlresolver/?mode=reset_pm)</onclick>
                        <onclick>RunPlugin(plugin://script.module.resolveurl/?mode=reset_pm)</onclick>
                    </control>
                    <control type="label" id="19520" description="LABEL">
                        <visible>Integer.IsEqual(Window.Property(CurrentFocus),9005)</visible>
                        <include>Dialog_Standard_HintLabel</include>
                        <label>[COLOR gold]AllDebrid[/COLOR]</label>
                    </control>
                    <control type="button" id="19521" description="resolver">
                        <visible>Integer.IsEqual(Window.Property(CurrentFocus),9005)</visible>
                        <include>Defs_Settings_Button</include>
	                    <label>[COLOR cyan]ResolverUrl[/COLOR] [COLOR gray]-[/COLOR] Autoriseren</label>
                        <onclick>RunPlugin(plugin://script.module.resolveurl/?mode=auth_ad)</onclick>
                    </control>
                    <control type="button" id="19522" description="resolver">
                        <visible>Integer.IsEqual(Window.Property(CurrentFocus),9005)</visible>
                        <include>Defs_Settings_Button</include>
	                    <label>[COLOR cyan]UrlResolver[/COLOR] [COLOR gray]-[/COLOR] Autoriseren</label>
                        <onclick>RunPlugin(plugin://script.module.urlresolver/?mode=auth_ad)</onclick>
                    </control>
                    <control type="button" id="19523" description="resolver">
                        <visible>Integer.IsEqual(Window.Property(CurrentFocus),9005)</visible>
                        <include>Defs_Settings_Button</include>
	                    <label>[COLOR red]AllDebrid[/COLOR] [COLOR gray]-[/COLOR] Resetten</label>
                        <onclick>RunPlugin(plugin://script.module.urlresolver/?mode=reset_ad)</onclick>
                        <onclick>RunPlugin(plugin://script.module.resolveurl/?mode=reset_ad)</onclick>
                    </control>
                    <control type="label" id="19530" description="LABEL">
                        <visible>Integer.IsEqual(Window.Property(CurrentFocus),9005)</visible>
                        <include>Dialog_Standard_HintLabel</include>
                        <label>[COLOR gold]Resolver Instellingen[/COLOR]</label>
                    </control>
                    <control type="button" id="19531" description="resolver">
                        <visible>Integer.IsEqual(Window.Property(CurrentFocus),9005)</visible>
                        <include>Defs_Settings_Button</include>
	                    <label>[COLOR cyan]ResolverUrl[/COLOR] [COLOR gray]-[/COLOR] Instellingen</label>
                        <onclick>RunPlugin(plugin://script.module.resolverurl/?mode=auth_ad)</onclick>
                    </control>
                    <control type="button" id="19532" description="resolver">
                        <visible>Integer.IsEqual(Window.Property(CurrentFocus),9005)</visible>
                        <include>Defs_Settings_Button</include>
	                    <label>[COLOR cyan]UrlResolver[/COLOR] [COLOR gray]-[/COLOR] Instellingen</label>
                        <onclick>RunPlugin(plugin://script.module.urlresolver/?mode=auth_ad)</onclick>
                    </control>
                    <!-- ============= -->
                    <!-- Skin Instellingen -->
                    <!-- ============= -->
                    <control type="label" id="19601" description="LABEL">
                        <visible>Integer.IsEqual(Window.Property(CurrentFocus),9006)</visible>
                        <include>Dialog_Standard_HintLabel</include>
                        <label>[COLOR gold]Skin instellingen[/COLOR]</label>
                    </control>
                    <control type="radiobutton" id="19602" description="Clock">
                        <visible>Integer.IsEqual(Window.Property(CurrentFocus),9006)</visible>
                        <include>Defs_Settings_Button</include>
                        <label>$LOCALIZE[31149]</label>
                        <selected>!Skin.HasSetting(DisableClock)</selected>
                        <onclick>Skin.ToggleSetting(DisableClock)</onclick>
                    </control>
                    <control type="radiobutton" id="19603" description="Codecs">
                        <visible>Integer.IsEqual(Window.Property(CurrentFocus),9006)</visible>
                        <include>Defs_Settings_Button</include>
                        <label>$LOCALIZE[31025]</label>
                        <selected>!Skin.HasSetting(DisableCodecs)</selected>
                        <onclick>Skin.ToggleSetting(DisableCodecs)</onclick>
                    </control>
                    <control type="radiobutton" id="19604" description="Now Playing">
                        <visible>Integer.IsEqual(Window.Property(CurrentFocus),9006)</visible>
                        <include>Defs_Settings_Button</include>
                        <label>$LOCALIZE[31029]</label>
                        <selected>!Skin.HasSetting(DisableNowPlaying)</selected>
                        <onclick>Skin.ToggleSetting(DisableNowPlaying)</onclick>
                    </control>
                    <control type="radiobutton" id="19605" description="Languages">
                        <visible>Integer.IsEqual(Window.Property(CurrentFocus),9006)</visible>
                        <include>Defs_Settings_Button</include>
                        <label>$LOCALIZE[31151]</label>
                        <selected>Skin.HasSetting(EnableLanguages)</selected>
                        <onclick>Skin.SetBool(EnableLanguages)</onclick>
                        <onclick>ActivateWindow(1141)</onclick>
                    </control>
                    <control type="button" id="19606" description="Ratings">
                        <visible>Integer.IsEqual(Window.Property(CurrentFocus),9006)</visible>
                        <include>Defs_Settings_Button</include>
                        <label>$LOCALIZE[31116]</label>
                        <onclick>ActivateWindow(1118)</onclick>
                    </control>
                    <control type="radiobutton" id="19607" description="Star Rating as Numeric">
                        <visible>Integer.IsEqual(Window.Property(CurrentFocus),9006)</visible>
                        <include>Defs_Settings_Button</include>
                        <label>$LOCALIZE[31192]</label>
                        <selected>Skin.HasSetting(NumericStarRating)</selected>
                        <onclick>Skin.ToggleSetting(NumericStarRating)</onclick>
                    </control>
                    <control type="radiobutton" id="19608" description="Clearlogo">
                        <visible>Integer.IsEqual(Window.Property(CurrentFocus),9006)</visible>
                        <include>Defs_Settings_Button</include>
                        <label>$LOCALIZE[31170]</label>
                        <selected>Skin.HasSetting(EnableClearlogo)</selected>
                        <onclick>Skin.ToggleSetting(EnableClearlogo)</onclick>
                    </control>
                    <control type="radiobutton" id="19609" description="Plot overlay">
                        <visible>Integer.IsEqual(Window.Property(CurrentFocus),9006)</visible>
                        <include>Defs_Settings_Button</include>
                        <label>$LOCALIZE[31379]</label>
                        <selected>Skin.HasSetting(AutoPlotOverlay)</selected>
                        <onclick>Skin.ToggleSetting(AutoPlotOverlay)</onclick>
                    </control>
                    <control type="label" id="19615" description="LABEL">
                        <visible>Integer.IsEqual(Window.Property(CurrentFocus),9006)</visible>
                        <include>Dialog_Standard_HintLabel</include>
                        <label>[COLOR gold]Skin Viewtypes[/COLOR]</label>
                    </control>
                    <control type="radiobutton" id="19616" description="Flip sides">
                        <visible>Integer.IsEqual(Window.Property(CurrentFocus),9006)</visible>
                        <include>Defs_Settings_Button</include>
                        <label>$LOCALIZE[31016]</label>
                        <selected>Skin.HasSetting(FlipSide)</selected>
                        <onclick>Skin.ToggleSetting(FlipSide)</onclick>
                    </control>
                    <control type="radiobutton" id="19617" description="Left-align showcase">
                        <visible>Integer.IsEqual(Window.Property(CurrentFocus),9006)</visible>
                        <include>Defs_Settings_Button</include>
                        <label>$LOCALIZE[31019]</label>
                        <selected>Skin.HasSetting(UseAuraShowcase)</selected>
                        <onclick>Skin.ToggleSetting(UseAuraShowcase)</onclick>
                    </control>
                    <control type="radiobutton" id="19618" description="Default list labels">
                        <visible>Integer.IsEqual(Window.Property(CurrentFocus),9006)</visible>
                        <include>Defs_Settings_Button</include>
                        <label>$LOCALIZE[31095]</label>
                        <selected>!Skin.HasSetting(EnhancedAddonLabels)</selected>
                        <onclick>Skin.ToggleSetting(EnhancedAddonLabels)</onclick>
                    </control>
                    <control type="radiobutton" id="19619" description="Tracknaming template">
                        <visible>Integer.IsEqual(Window.Property(CurrentFocus),9006)</visible>
                        <include>Defs_Settings_Button</include>
                        <label>$LOCALIZE[31096]</label>
                        <selected>Skin.HasSetting(UseTrackNamingTemplate)</selected>
                        <onclick>Skin.ToggleSetting(UseTrackNamingTemplate)</onclick>
                    </control>
                    <control type="radiobutton" id="19620" description="Disable watched indicators">
                        <visible>Integer.IsEqual(Window.Property(CurrentFocus),9006)</visible>
                        <include>Defs_Settings_Button</include>
                        <label>$LOCALIZE[31317]</label>
                        <selected>!Skin.HasSetting(DisableWatchedOverlay)</selected>
                        <onclick>Skin.ToggleSetting(DisableWatchedOverlay)</onclick>
                    </control>
                    <control type="radiobutton" id="19621" description="Disable Episode indicators">
                        <visible>Integer.IsEqual(Window.Property(CurrentFocus),9006)</visible>
                        <include>Defs_Settings_Button</include>
                        <label>Unwatched Episode indicators</label>
                        <selected>!Skin.HasSetting(DisableWatchedEpisode)</selected>
                        <onclick>Skin.ToggleSetting(DisableWatchedEpisode)</onclick>
                    </control>
                    <control type="radiobutton" id="19622" description="Header">
                        <visible>Integer.IsEqual(Window.Property(CurrentFocus),9006)</visible>
                        <include>Defs_Settings_Button</include>
                        <label>$LOCALIZE[31026]</label>
                        <selected>!Skin.HasSetting(DisableHeader)</selected>
                        <onclick>Skin.ToggleSetting(DisableHeader)</onclick>
                    </control>
                    <control type="radiobutton" id="19623" description="Center">
                        <visible>Integer.IsEqual(Window.Property(CurrentFocus),9006)</visible>
                        <include>Defs_Settings_Button</include>
                        <label>$LOCALIZE[31148]</label>
                        <selected>!Skin.HasSetting(DisableCenter)</selected>
                        <onclick>Skin.ToggleSetting(DisableCenter)</onclick>
                    </control>
                    <control type="radiobutton" id="19624" description="Kiosk Mode">
                        <visible>Integer.IsEqual(Window.Property(CurrentFocus),9006)</visible>
                        <include>Defs_Settings_Button</include>
                        <label>$LOCALIZE[31199]</label>
                        <selected>Skin.HasSetting(KioskMode)</selected>
                        <onclick>Skin.ToggleSetting(KioskMode)</onclick>
                    </control>
                     <control type="label" id="19630" description="LABEL VIDEO OSD">
                        <visible>Integer.IsEqual(Window.Property(CurrentFocus),9006)</visible>
                        <include>Dialog_Standard_HintLabel</include>
                        <label>[COLOR gold]$LOCALIZE[31346][/COLOR]</label>
                    </control>
                    <control type="radiobutton" id="19631" description="Show detailed info on pause">
                        <visible>Integer.IsEqual(Window.Property(CurrentFocus),9006)</visible>
                        <include>Defs_Settings_Button</include>
                        <label>$LOCALIZE[31145]</label>
                        <selected>Skin.HasSetting(ShowInfoPaused)</selected>
                        <onclick>Skin.ToggleSetting(ShowInfoPaused)</onclick>
                    </control>
                    <control type="radiobutton" id="19632" description="Only show seekbar on pressing info">
                        <visible>Integer.IsEqual(Window.Property(CurrentFocus),9006)</visible>
                        <include>Defs_Settings_Button</include>
                        <label>$LOCALIZE[31201]</label>
                        <selected>Skin.HasSetting(DisableOSDInfo)</selected>
                        <onclick>Skin.ToggleSetting(DisableOSDInfo)</onclick>
                    </control>
                    <control type="radiobutton" id="19633" description="Dont pause on information">
                        <visible>Integer.IsEqual(Window.Property(CurrentFocus),9006)</visible>
                        <include>Defs_Settings_Button</include>
                        <label>$LOCALIZE[31079]</label>
                        <selected>!Skin.HasSetting(DontPauseOSD)</selected>
                        <onclick>Skin.ToggleSetting(DontPauseOSD)</onclick>
                    </control>
                    <control type="radiobutton" id="19634" description="Subs button opens subtitle settings">
                        <visible>Integer.IsEqual(Window.Property(CurrentFocus),9006)</visible>
                        <include>Defs_Settings_Button</include>
                        <label>$LOCALIZE[31409]</label>
                        <selected>Skin.HasSetting(OSDSubtitleSettings)</selected>
                        <onclick>Skin.ToggleSetting(OSDSubtitleSettings)</onclick>
                    </control>
                    <control type="button" id="19635" description="Close OSD Auto">
                        <visible>Integer.IsEqual(Window.Property(CurrentFocus),9006)</visible>
                        <include>Defs_Settings_Button</include>
                        <label>$LOCALIZE[31386]</label>
                        <label2>$INFO[Skin.String(SkinHelper.AutoCloseVideoOSD)]</label2>
                        <onclick condition="!String.IsEmpty(SkinHelper.AutoCloseVideoOSD)">Skin.Reset(SkinHelper.AutoCloseVideoOSD)</onclick>
                        <onclick condition="String.IsEmpty(SkinHelper.AutoCloseVideoOSD)">Skin.SetNumeric(SkinHelper.AutoCloseVideoOSD)</onclick>
                    </control>
                    <control type="radiobutton" id="19636" description="Show clearart">
                        <visible>Integer.IsEqual(Window.Property(CurrentFocus),9006)</visible>
                        <include>Defs_Settings_Button</include>
                        <label>$LOCALIZE[31434]</label>
                        <selected>Skin.HasSetting(ShowOSDClearArt)</selected>
                        <onclick>Skin.ToggleSetting(ShowOSDClearArt)</onclick>
                        <enable>!Skin.HasSetting(ShowInfoPaused)</enable>
                    </control>
                    <control type="label" id="19637" description="LABEL MUSIC OSD">
                        <visible>Integer.IsEqual(Window.Property(CurrentFocus),9006)</visible>
                        <include>Dialog_Standard_HintLabel</include>
                        <label>[COLOR gold]$LOCALIZE[31347][/COLOR]</label>
                    </control>
                    <control type="radiobutton" id="19638" description="Show Fanart">
                        <visible>Integer.IsEqual(Window.Property(CurrentFocus),9006)</visible>
                        <include>Defs_Settings_Button</include>
                        <label>31121</label>
                        <selected>Skin.HasSetting(musicvis.fanartfallback)</selected>
                        <enable>Skin.HasSetting(ArtistSlideShow.Disabled)</enable>
                        <onclick>Skin.ToggleSetting(musicvis.fanartfallback)</onclick>
                    </control>
                    <control type="radiobutton" id="19639" description="Show slideshow in background">
                        <visible>Integer.IsEqual(Window.Property(CurrentFocus),9006)</visible>
                        <include>Defs_Settings_Button</include>
                        <label>31118</label>
                        <selected>!Skin.HasSetting(ArtistSlideShow.Disabled)</selected>
                        <onclick>Skin.ToggleSetting(ArtistSlideShow.Disabled)</onclick>
                    </control>
                    <control type="radiobutton" id="19640" description="Show slideshow in background">
                        <visible>Integer.IsEqual(Window.Property(CurrentFocus),9006)</visible>
                        <include>Defs_Settings_Button</include>
                        <label>31119</label>
                        <selected>Skin.HasSetting(OSDVisualisation.ShowFanart)</selected>
                        <onclick>Skin.ToggleSetting(OSDVisualisation.ShowFanart)</onclick>
                        <enable>Skin.HasSetting(musicvis.fanartfallback) | !Skin.HasSetting(ArtistSlideShow.Disabled)</enable>
                    </control>
                    <control type="radiobutton" id="19641" description="Colour overlay">
                        <visible>Integer.IsEqual(Window.Property(CurrentFocus),9006)</visible>
                        <include>Defs_Settings_Button</include>
                        <label>$LOCALIZE[31087]</label>
                        <selected>!Skin.HasSetting(HideOSDDiffuseColors)</selected>
                        <onclick>Skin.ToggleSetting(HideOSDDiffuseColors)</onclick>
                    </control>
                    <control type="radiobutton" id="19642" description="Scrolling Text">
                        <visible>Integer.IsEqual(Window.Property(CurrentFocus),9006)</visible>
                        <include>Defs_Settings_Button</include>
                        <label>$LOCALIZE[31088]</label>
                        <selected>!Skin.HasSetting(HideOSDScrollingText)</selected>
                        <onclick>Skin.ToggleSetting(HideOSDScrollingText)</onclick>
                    </control>
                    <control type="radiobutton" id="19643" description="Video Lyrics">
                        <visible>Integer.IsEqual(Window.Property(CurrentFocus),9006)</visible>
                        <include>Defs_Settings_Button</include>
                        <label>$LOCALIZE[31377]</label>
                        <selected>!Skin.HasSetting(NormalLyrics)</selected>
                        <onclick>Skin.ToggleSetting(NormalLyrics)</onclick>
                    </control>
                    <control type="radiobutton" id="19644" description="Animate Artist slideshow">
                        <visible>Integer.IsEqual(Window.Property(CurrentFocus),9006)</visible>
                        <include>Defs_Settings_Button</include>
                        <label>31120</label>
                        <selected>Skin.HasSetting(ArtistSlideshow.Animate)</selected>
                        <onclick>Skin.ToggleSetting(ArtistSlideshow.Animate)</onclick>
                        <enable>Skin.HasSetting(musicvis.fanartfallback) | !Skin.HasSetting(ArtistSlideShow.Disabled)</enable>
                    </control>
                    <control type="radiobutton" id="19645" description="Musicvideo auto info">
                        <visible>Integer.IsEqual(Window.Property(CurrentFocus),9006)</visible>
                        <include>Defs_Settings_Button</include>
                        <label>$LOCALIZE[31314]</label>
                        <selected>!Skin.HasSetting(DisableMusicVideoAutoInfo)</selected>
                        <onclick>Skin.ToggleSetting(DisableMusicVideoAutoInfo)</onclick>
                        <visible>!Skin.HasSetting(BigMusicVis)</visible>
                    </control>
                    <control type="radiobutton" id="19646" description="AutoMusicVis">
                        <visible>Integer.IsEqual(Window.Property(CurrentFocus),9006)</visible>
                        <include>Defs_Settings_Button</include>
                        <label>$LOCALIZE[31158]</label>
                        <selected>Skin.HasSetting(AutoMusicVis)</selected>
                        <onclick>Skin.ToggleSetting(AutoMusicVis)</onclick>
                    </control>
                    <control type="button" id="19647" description="Close OSD Auto">
                        <visible>Integer.IsEqual(Window.Property(CurrentFocus),9006)</visible>
                        <include>Defs_Settings_Button</include>
                        <label>$LOCALIZE[31386]</label>
                        <label2>$INFO[Skin.String(SkinHelper.AutoCloseMusicOSD)]</label2>
                        <onclick condition="!String.IsEmpty(SkinHelper.AutoCloseMusicOSD)">Skin.Reset(SkinHelper.AutoCloseMusicOSD)</onclick>
                        <onclick condition="String.IsEmpty(SkinHelper.AutoCloseMusicOSD)">Skin.SetNumeric(SkinHelper.AutoCloseMusicOSD)</onclick>
                    </control>
                    <control type="radiobutton" id="19648" description="Use short osd">
                        <visible>Integer.IsEqual(Window.Property(CurrentFocus),9006)</visible>
                        <include>Defs_Settings_Button</include>
                        <label>$LOCALIZE[31132]</label>
                        <selected>Skin.HasSetting(DisableMusicOSDClearLogo)</selected>
                        <onclick>Skin.ToggleSetting(DisableMusicOSDClearLogo)</onclick>
                    </control>
                    <control type="radiobutton" id="19649" description="Show Artist Image">
                        <visible>Integer.IsEqual(Window.Property(CurrentFocus),9006)</visible>
                        <include>Defs_Settings_Button</include>
                        <label>$LOCALIZE[31130]</label>
                        <enable>!Skin.HasSetting(DisableMusicOSDClearLogo)</enable>
                        <selected>!Skin.HasSetting(DisableMusicOSDArtistImage)</selected>
                        <onclick>Skin.ToggleSetting(DisableMusicOSDArtistImage)</onclick>
                    </control>
                    <control type="radiobutton" id="19650" description="Square Artist">
                        <visible>Integer.IsEqual(Window.Property(CurrentFocus),9006)</visible>
                        <include>Defs_Settings_Button</include>
                        <label>$LOCALIZE[31129]</label>
                        <enable>!Skin.HasSetting(DisableMusicOSDArtistImage) + !Skin.HasSetting(DisableMusicOSDClearLogo)</enable>
                        <selected>Skin.HasSetting(MusicOSDSquareArtist)</selected>
                        <onclick>Skin.ToggleSetting(MusicOSDSquareArtist)</onclick>
                    </control>
                    <control type="label" id="19651" description="LABEL">
                        <visible>Integer.IsEqual(Window.Property(CurrentFocus),9006)</visible>
                        <include>Dialog_Standard_HintLabel</include>
                        <label>[COLOR gold]$LOCALIZE[31156][/COLOR]</label>
                    </control>
                    <control type="radiobutton" id="19652" description="Slim mode">
                        <visible>Integer.IsEqual(Window.Property(CurrentFocus),9006)</visible>
                        <include>Defs_Settings_Button</include>
                        <label>$LOCALIZE[31093]</label>
                        <selected>!Skin.HasSetting(PVRGuide.DisableSlimMode)</selected>
                        <onclick>Skin.ToggleSetting(PVRGuide.DisableSlimMode)</onclick>
                    </control>
                    <control type="radiobutton" id="19653" description="Info">
                        <visible>Integer.IsEqual(Window.Property(CurrentFocus),9006)</visible>
                        <include>Defs_Settings_Button</include>
                        <label>$LOCALIZE[22081]</label>
                        <selected>Skin.HasSetting(PVRGuide.Info)</selected>
                        <onclick>Skin.ToggleSetting(PVRGuide.Info)</onclick>
                    </control>
                    <control type="radiobutton" id="19654" description="Channel Numbers">
                        <visible>Integer.IsEqual(Window.Property(CurrentFocus),9006)</visible>
                        <include>Defs_Settings_Button</include>
                        <label>$LOCALIZE[31206]</label>
                        <enable>!Skin.HasSetting(PVRGuide.DisableSlimMode)</enable>
                        <selected>Skin.HasSetting(PVRGuide.ChannelNumber)</selected>
                        <onclick>Skin.ToggleSetting(PVRGuide.ChannelNumber)</onclick>
                    </control>
                    <control type="radiobutton" id="19655" description="Replace genre with time">
                        <visible>Integer.IsEqual(Window.Property(CurrentFocus),9006)</visible>
                        <include>Defs_Settings_Button</include>
                        <label>$LOCALIZE[31175]</label>
                        <selected>Skin.HasSetting(PVRGuide.StartEnd)</selected>
                        <enable>Skin.HasSetting(PVRGuide.DisableSlimMode)</enable>
                        <onclick>Skin.ToggleSetting(PVRGuide.StartEnd)</onclick>
                    </control>
                    <control type="label" id="19656" description="LABEL">
                        <visible>Integer.IsEqual(Window.Property(CurrentFocus),9006)</visible>
                        <include>Dialog_Standard_HintLabel</include>
                        <label>[COLOR gold]$LOCALIZE[31146][/COLOR]</label>
                    </control>
                    <control type="radiobutton" id="19657" description="Colordiffuse to icons">
                        <visible>Integer.IsEqual(Window.Property(CurrentFocus),9006)</visible>
                        <include>Defs_Settings_Button</include>
                        <label>$LOCALIZE[31094]</label>
                        <selected>Skin.HasSetting(PVRGuide.ColorDiffuse)</selected>
                        <onclick>Skin.ToggleSetting(PVRGuide.ColorDiffuse)</onclick>
                    </control>
                    <control type="label" id="19660" description="LABEL">
                        <visible>Integer.IsEqual(Window.Property(CurrentFocus),9006)</visible>
                        <include>Dialog_Standard_HintLabel</include>
                        <label>[COLOR gold]Skin Uiterlijk[/COLOR]</label>
                    </control>
                    <control type="radiobutton" id="19661" description="No fanart">
                        <visible>Integer.IsEqual(Window.Property(CurrentFocus),9006)</visible>
                        <include>Defs_Settings_Button</include>
                        <label>$LOCALIZE[31121]</label>
                        <selected>!Skin.HasSetting(NoFanart)</selected>
                        <onclick>Skin.ToggleSetting(NoFanart)</onclick>
                    </control>
                    <control type="radiobutton" id="19662" description="Blur background fanart">
                        <visible>Integer.IsEqual(Window.Property(CurrentFocus),9006)</visible>
                        <include>Defs_Settings_Button</include>
                        <label>$LOCALIZE[31275]</label>
                        <enable>!Skin.HasSetting(NoFanart)</enable>
                        <selected>Skin.HasSetting(EnableBlur)</selected>
                        <onclick condition="!System.HasAddon(script.colorbox)">InstallAddon(script.colorbox)</onclick>
                        <onclick condition="System.HasAddon(script.colorbox) + !Skin.HasSetting(EnableBlur)">SetProperty(FIVE_daemon_set,blur,home)</onclick>
                        <onclick condition="System.HasAddon(script.colorbox) + !Skin.HasSetting(EnableBlur)">RunScript(script.colorbox,daemon=True)</onclick>
                        <onclick condition="System.HasAddon(script.colorbox) + !Skin.HasSetting(EnableBlur)">AlarmClock(nms1,SetProperty(NINE_manual_set,"var=quality,set=$INFO[Skin.String(colorbox_quality)]|var=blursize,set=$INFO[Skin.String(colorbox_blursize)]|var=bitsize,set=$INFO[Skin.String(colorbox_bitsize)]|var=pixelsize,set=$INFO[Skin.String(colorbox_pixelsize)]|var=black,set=$INFO[Skin.String(colorbox_black)]|var=white,set=$INFO[Skin.String(colorbox_white)]",home),00:05,true)</onclick>
                        <onclick condition="System.HasAddon(script.colorbox)">Skin.ToggleSetting(EnableBlur)</onclick>
                    </control>
                    <control type="radiobutton" id="19663" description="Only blur video info">
                        <visible>Integer.IsEqual(Window.Property(CurrentFocus),9006)</visible>
                        <include>Defs_Settings_Button</include>
                        <label>$LOCALIZE[31154]</label>
                        <selected>Skin.HasSetting(OnlyBlurInfo)</selected>
                        <onclick>Skin.ToggleSetting(OnlyBlurInfo)</onclick>
                        <enable>!Skin.HasSetting(NoFanart) + Skin.HasSetting(EnableBlur) + System.HasAddon(script.colorbox)</enable>
                    </control>
                    <control type="radiobutton" id="19664" description="Use poster for blur">
                        <visible>Integer.IsEqual(Window.Property(CurrentFocus),9006)</visible>
                        <include>Defs_Settings_Button</include>
                        <label>$LOCALIZE[31133]</label>
                        <selected>Skin.HasSetting(PosterBlur)</selected>
                        <onclick>Skin.ToggleSetting(PosterBlur)</onclick>
                        <enable>!Skin.HasSetting(OnlyBlurInfo) + Skin.HasSetting(EnableBlur) + System.HasAddon(script.colorbox)</enable>
                    </control>
                    <control type="button" id="19665" description="Blur settings">
                        <visible>Integer.IsEqual(Window.Property(CurrentFocus),9006)</visible>
                        <include>Defs_Settings_Button</include>
                        <label>$LOCALIZE[31060]</label>
                        <onclick>ActivateWindow(1116)</onclick>
                    </control>
                    <control type="radiobutton" id="19666">
                        <visible>Integer.IsEqual(Window.Property(CurrentFocus),9006)</visible>
                        <label>$LOCALIZE[31174]</label>
                        <include>Defs_Settings_Button</include>
                        <selected>Skin.HasSetting(LandscapeArt)</selected>
                        <onclick>Skin.ToggleSetting(LandscapeArt)</onclick>
                    </control>
                    <control type="radiobutton" id="19667" description="Roboto Fonts">
                        <visible>Integer.IsEqual(Window.Property(CurrentFocus),9006)</visible>
                        <include>Defs_Settings_Button</include>
                        <label>$LOCALIZE[31092]</label>
                        <selected>Skin.HasSetting(FauneFonts)</selected>
                        <onclick>Skin.ToggleSetting(FauneFonts)</onclick>
                        <onclick>ReloadSkin()</onclick>
                    </control>
                    <control type="radiobutton" id="19668">
                        <visible>Integer.IsEqual(Window.Property(CurrentFocus),9006)</visible>
                        <label>$LOCALIZE[31022]</label>
                        <include>Defs_Settings_Button</include>
                        <selected>Skin.HasSetting(SkinHelper.EnableAnimatedPosters)</selected>
                        <onclick>Skin.ToggleSetting(SkinHelper.EnableAnimatedPosters)</onclick>
                    </control>
                    <control type="button" id="19669" description="Home Layout">
                        <visible>Integer.IsEqual(Window.Property(CurrentFocus),9006)</visible>
                        <include>Defs_Settings_Button</include>
                        <label>Home layout</label>
                        <label2>$VAR[Label_SkinSettings_HomeLayout]</label2>
                        <onclick condition="!Skin.HasSetting(HomeMulti)">Skin.SetBool(HomeMulti)</onclick>
                        <onclick condition="Skin.HasSetting(HomeMulti) + !Skin.HasSetting(HomeMultiHorizontal)">Skin.SetBool(HomeMultiHorizontal)</onclick>
                        <onclick condition="Skin.HasSetting(HomeMulti) + Skin.HasSetting(HomeMultiHorizontal)">Skin.Reset(HomeMulti)</onclick>
                        <onclick condition="Skin.HasSetting(HomeMulti) + Skin.HasSetting(HomeMultiHorizontal)">Skin.Reset(HomeMultiHorizontal)</onclick>
                    </control>
                     <control type="button" id="19670" description="Menu Style">
                        <visible>Integer.IsEqual(Window.Property(CurrentFocus),9006)</visible>
                        <include>Defs_Settings_Button</include>
                        <label>Menu style</label>
                        <label2>$VAR[Label_SkinSettings_MenuStyle]</label2>
                        <!-- If vertical just toggle icons -->
                        <onclick condition="Skin.HasSetting(HomeMulti) + !Skin.HasSetting(HomeMultiHorizontal)">Skin.ToggleSetting(HomeIcons)</onclick>
                        <!-- If not vertical toggle both -->
                        <onclick condition="[!Skin.HasSetting(HomeMulti) | Skin.HasSetting(HomeMultiHorizontal)] + !Skin.HasSetting(HomeTextAutoWidth) + !Skin.HasSetting(HomeIcons)">Skin.SetBool(HomeTextAutoWidth)</onclick>
                        <onclick condition="[!Skin.HasSetting(HomeMulti) | Skin.HasSetting(HomeMultiHorizontal)] + Skin.HasSetting(HomeTextAutoWidth) + !Skin.HasSetting(HomeIcons)">Skin.SetBool(HomeIcons)</onclick>
                        <onclick condition="[!Skin.HasSetting(HomeMulti) | Skin.HasSetting(HomeMultiHorizontal)] + Skin.HasSetting(HomeIcons)">Skin.Reset(HomeTextAutoWidth)</onclick>
                        <onclick condition="[!Skin.HasSetting(HomeMulti) | Skin.HasSetting(HomeMultiHorizontal)] + Skin.HasSetting(HomeIcons)">Skin.Reset(HomeIcons)</onclick>
                    </control>
                    <control type="button" id="19671" description="Corner Icon">
                        <visible>Integer.IsEqual(Window.Property(CurrentFocus),9006)</visible>
                        <include>Defs_Settings_Button</include>
                        <label>Corner icon</label>
                        <label2>$VAR[Label_SkinSettings_CornerIcon]</label2>
                        <onclick condition="String.IsEmpty(Skin.String(CornerIcon))">Skin.SetString(CornerIcon,Settings)</onclick>
                        <onclick condition="String.IsEqual(Skin.String(CornerIcon),Settings)">Skin.SetString(CornerIcon,Power)</onclick>
                        <onclick condition="String.IsEqual(Skin.String(CornerIcon),Power)">Skin.SetString(CornerIcon,Home)</onclick>
                        <onclick condition="String.IsEqual(Skin.String(CornerIcon),Home)">Skin.Reset(CornerIcon)</onclick>
                        <visible>!Skin.HasSetting(HomeTextAutoWidth) + [Skin.HasSetting(HomeMultiHorizontal) | !Skin.HasSetting(HomeMulti)] + !Skin.HasSetting(HomeIcons)</visible>
                    </control>
                    <control type="button" id="19672" description="Widget movement">
                        <visible>Integer.IsEqual(Window.Property(CurrentFocus),9006)</visible>
                        <include>Defs_Settings_Button</include>
                        <label>Widget movement</label>
                        <label2>$VAR[Label_SkinSettings_WidgetMovement]</label2>
                        <onclick>Skin.ToggleSetting(FixedWidgets)</onclick>
                        <visible>Skin.HasSetting(HomeMulti)</visible>
                    </control>
                    <control type="radiobutton" id="19673" description="Auto Scroll Single Widgets">
                        <visible>Integer.IsEqual(Window.Property(CurrentFocus),9006)</visible>
                        <include>Defs_Settings_Button</include>
                        <label>Auto-scroll single widgets</label>
                        <selected>!Skin.HasSetting(DisableAutoScrollWidgets)</selected>
                        <onclick>Skin.ToggleSetting(DisableAutoScrollWidgets)</onclick>
                    </control>
                    <control type="radiobutton" id="19674" description="Auto Scroll Single Widgets">
                        <visible>Integer.IsEqual(Window.Property(CurrentFocus),9006)</visible>
                        <include>Defs_Settings_Button</include>
                        <label>Widget label verbergen</label>
                        <selected>!Skin.HasSetting(hidewidgettitle)</selected>
                        <onclick>Skin.ToggleSetting(hidewidgettitle)</onclick>
                    </control>
                    <control type="button" id="19680" description="Set Fallback Image">
                        <visible>Integer.IsEqual(Window.Property(CurrentFocus),9006)</visible>
                        <include>Defs_Settings_Button</include>
                        <label>31150</label>
                        <label2>$INFO[Skin.String(HomeBackgroundImage)]</label2>
                        <onclick condition="!System.HasAddon(script.toolbox)">InstallAddon(script.toolbox)</onclick>
                        <onclick>SetProperty(Dialog.1.Label,$LOCALIZE[16018])</onclick>
                        <onclick>SetProperty(Dialog.1.BuiltIn,Skin.Reset(HomeBackgroundImage))</onclick>
                        <onclick>SetProperty(Dialog.2.Label,$LOCALIZE[31271])</onclick>
                        <onclick>SetProperty(Dialog.2.BuiltIn,Skin.SetImage(HomeBackgroundImage))</onclick>
                        <onclick>SetProperty(Dialog.3.Label,$LOCALIZE[31272])</onclick>
                        <onclick>SetProperty(Dialog.3.BuiltIn,Skin.SetPath(HomeBackgroundImage))</onclick>
                        <onclick>RunScript(script.toolbox,info=selectdialog,header=$LOCALIZE[31150])</onclick>
                    </control>
                    <control type="label" id="19681" description="LABEL">
                        <visible>Integer.IsEqual(Window.Property(CurrentFocus),9006)</visible>
                        <include>Dialog_Standard_HintLabel</include>
                        <label>[COLOR gold]Skin Kleuren[/COLOR]</label>
                    </control>
                    <control type="button" id="19682" description="Color Highlight">
                        <visible>Integer.IsEqual(Window.Property(CurrentFocus),9006)</visible>
                        <include>Defs_Settings_Button</include>
                        <label>31286</label>
                        <label2>$INFO[Skin.String(focuscolor.name)]</label2>
                        <onclick condition="!System.HasAddon(script.skin.helper.colorpicker)">InstallAddon(script.skin.helper.colorpicker)</onclick>
                        <onclick>RunScript(script.skin.helper.colorpicker,skinstring=focuscolor.name)</onclick>
                    </control>
                    <control type="button" id="19683" description="Color Highlight">
                        <visible>Integer.IsEqual(Window.Property(CurrentFocus),9006)</visible>
                        <include>Defs_Settings_Button</include>
                        <label>$LOCALIZE[31013]</label>
                        <label2>$INFO[Skin.String(PosterHighlight)]</label2>
                        <onclick condition="!String.IsEqual(Skin.String(PosterHighlight),Highlight)">Skin.SetString(PosterHighlight,Highlight)</onclick>
                        <onclick condition="String.IsEqual(Skin.String(PosterHighlight),Highlight)">Skin.SetString(PosterHighlight,White)</onclick>
                    </control>
                    <control type="radiobutton" id="19684" description="Geometric panels">
                        <visible>Integer.IsEqual(Window.Property(CurrentFocus),9006)</visible>
                        <include>Defs_Settings_Button</include>
                        <label>$LOCALIZE[31189]</label>
                        <selected>!Skin.HasSetting(DisableGeometric)</selected>
                        <onclick>Skin.ToggleSetting(DisableGeometric)</onclick>
                    </control>
                    <control type="radiobutton" id="19685" description="Automatic Theme Switch">
                        <visible>Integer.IsEqual(Window.Property(CurrentFocus),9006)</visible>
                        <include>Defs_Settings_Button</include>
                        <label>$LOCALIZE[31188]</label>
                        <selected>Skin.HasSetting(ThemeSwitcher)</selected>
                        <onclick>Skin.ToggleSetting(ThemeSwitcher)</onclick>
                    </control>
                    <control type="label" id="19686" description="LABEL">
                        <visible>Integer.IsEqual(Window.Property(CurrentFocus),9006)</visible>
                        <include>Dialog_Standard_HintLabel</include>
                        <label>[COLOR gold]Skin Menu[/COLOR]</label>
                    </control>
                    <control type="button" id="19687" description="Customise Home">
                        <visible>Integer.IsEqual(Window.Property(CurrentFocus),9006)</visible>
                        <include>Defs_Settings_Button</include>
                        <label>$LOCALIZE[31109]</label>
                        <onclick>RunScript(script.skinshortcuts,type=manage&amp;group=mainmenu)</onclick>
                    </control>
                    <control type="button" id="19688" description="Backup">
                        <visible>Integer.IsEqual(Window.Property(CurrentFocus),9006)</visible>
                        <include>Defs_Settings_Button</include>
                        <label>Maak Backup van Menu</label>
                        <onclick>RunScript(script.skin.helper.skinbackup,action=backup)</onclick>
                    </control>
                    <control type="button" id="19689" description="Restore">
                        <visible>Integer.IsEqual(Window.Property(CurrentFocus),9006)</visible>
                        <include>Defs_Settings_Button</include>
                        <label>Herstel Backup van Menu</label>
                        <onclick>RunScript(script.skin.helper.skinbackup,action=restore)</onclick>
                    </control>
                    <control type="button" id="19690" description="Reset">
                        <visible>Integer.IsEqual(Window.Property(CurrentFocus),9006)</visible>
                        <include>Defs_Settings_Button</include>
                        <label>Reset Startmenu</label>
                        <onclick>RunScript(script.skinshortcuts,type=resetall)</onclick>
                    </control>
                    <!-- ============= -->
                    <!-- Trakt/ ondertitel Instellingen -->
                    <!-- ============= -->
                    <control type="label" id="19701" description="LABEL">
                        <visible>Integer.IsEqual(Window.Property(CurrentFocus),9008)</visible>
                        <include>Dialog_Standard_HintLabel</include>
                        <label>[COLOR gold]Trakt instellingen[/COLOR] [COLOR gray]| meer info: http://bit.ly/TRAKT-INFO[/COLOR]</label>
                    </control>
                    <control type="radiobutton" id="19702" description="Addon enable">
                        <visible>Integer.IsEqual(Window.Property(CurrentFocus),9008)</visible>
                        <include>Defs_Settings_Button</include>
                        <label>Trakt [COLOR gray]-[/COLOR] inschakelen</label>
						<selected>!Skin.HasSetting(trakt)</selected>
	                    <onclick>Skin.ToggleSetting(trakt)</onclick>
                    </control>
                    <control type="button" id="19703" description="Addon enable">
                        <visible>Integer.IsEqual(Window.Property(CurrentFocus),9008)</visible>
                        <include>Defs_Settings_Button</include>
                        <label>Trakt koppelen met [COLOR gray]-[/COLOR] [COLOR cyan]$ADDON[plugin.video.menu5 10201][/COLOR]</label>
                        <onclick>$ADDON[plugin.video.menu5 10203]</onclick>
                        <visible>!Skin.HasSetting(trakt) + !Skin.HasSetting(addon1)</visible>
                    </control>
                    <control type="button" id="19705" description="Addon enable">
                        <visible>Integer.IsEqual(Window.Property(CurrentFocus),9008)</visible>
                        <include>Defs_Settings_Button</include>
                        <label>Trakt koppelen met [COLOR gray]-[/COLOR] [COLOR cyan]$ADDON[plugin.video.menu5 10204][/COLOR]</label>
                        <onclick>$ADDON[plugin.video.menu5 10206]</onclick>
                        <visible>!Skin.HasSetting(trakt) + !Skin.HasSetting(addon2)</visible>
                    </control>
                    <control type="button" id="19707" description="Addon enable">
                        <visible>Integer.IsEqual(Window.Property(CurrentFocus),9008)</visible>
                        <include>Defs_Settings_Button</include>
                        <label>Trakt koppelen met [COLOR gray]-[/COLOR] [COLOR cyan]$ADDON[plugin.video.menu5 10207][/COLOR]</label>
                        <onclick>$ADDON[plugin.video.menu5 10209]</onclick>
                        <visible>!Skin.HasSetting(trakt) + !Skin.HasSetting(addon3)</visible>
                    </control>
                    <control type="button" id="19709" description="Addon enable">
                        <visible>Integer.IsEqual(Window.Property(CurrentFocus),9008)</visible>
                        <include>Defs_Settings_Button</include>
                        <label>Trakt koppelen met [COLOR gray]-[/COLOR] [COLOR cyan]$ADDON[plugin.video.menu5 10210][/COLOR]</label>
                        <onclick>$ADDON[plugin.video.menu5 10212]</onclick>
                        <visible>!Skin.HasSetting(trakt) + !Skin.HasSetting(addon4)</visible>
                    </control>
                    <control type="label" id="19720" description="LABEL">
                        <visible>Integer.IsEqual(Window.Property(CurrentFocus),9008)</visible>
                        <include>Dialog_Standard_HintLabel</include>
                        <label>[COLOR gold]Ondertiteling[/COLOR]</label>
                    </control>
                    <control type="button" id="19721" description="Addon enable">
                        <visible>Integer.IsEqual(Window.Property(CurrentFocus),9008)</visible>
                        <include>Defs_Settings_Button</include>
                        <label>[COLOR cyan]OpenSubtitles[/COLOR] [COLOR gray]-[/COLOR] Instellen [COLOR gray]| Account maken: http://bit.ly/user-os[/COLOR]</label>
	                    <onclick>Addon.OpenSettings(service.subtitles.opensubtitles_by_opensubtitles)</onclick>
	                    <onclick>Addon.OpenSettings(service.subtitles.opensubtitles)</onclick>
                    </control>
                </control>

                <include content="Dialog_Separator">
                    <param name="top" value="39" />
                    <param name="bottom" value="39" />
                </include>
                <include content="Dialog_Separator">
                    <param name="top" value="39" />
                    <param name="bottom" value="39" />
                    <param name="left" value="0" />
                </include>
            </control>



        </control>

    </controls>
</window>
